timestamp;open;high;low;close;volume
2025-06-23 05:30:00;2241.47000000;2242.10000000;2238.35000000;2239.20000000;2300.53350000
2025-06-23 05:45:00;2239.20000000;2250.70000000;2238.04000000;2246.38000000;3779.75730000
2025-06-23 06:00:00;2246.38000000;2255.07000000;2246.24000000;2251.69000000;7725.89050000
2025-06-23 06:15:00;2251.70000000;2254.90000000;2239.07000000;2240.99000000;3477.66810000
2025-06-23 06:30:00;2240.99000000;2250.00000000;2236.16000000;2237.91000000;9148.72980000
2025-06-23 06:45:00;2237.91000000;2251.76000000;2233.62000000;2250.88000000;5489.16150000
2025-06-23 07:00:00;2250.88000000;2275.67000000;2250.73000000;2261.91000000;11291.22900000
2025-06-23 07:15:00;2261.92000000;2261.92000000;2255.50000000;2256.35000000;3655.31940000
2025-06-23 07:30:00;2256.35000000;2259.59000000;2252.66000000;2257.00000000;4883.93380000
2025-06-23 07:45:00;2257.01000000;2258.94000000;2254.89000000;2258.88000000;3371.24790000
2025-06-23 08:00:00;2258.87000000;2274.70000000;2257.66000000;2265.37000000;6626.20510000
2025-06-23 08:15:00;2265.37000000;2268.69000000;2261.32000000;2262.74000000;3573.09260000
2025-06-23 08:30:00;2262.73000000;2263.16000000;2256.36000000;2259.47000000;3873.94920000
2025-06-23 08:45:00;2259.48000000;2263.45000000;2259.06000000;2261.99000000;3722.48630000
2025-06-23 09:00:00;2261.99000000;2262.20000000;2253.50000000;2257.49000000;2991.48390000
2025-06-23 09:15:00;2257.49000000;2260.00000000;2245.06000000;2245.50000000;4326.14070000
2025-06-23 09:30:00;2245.51000000;2251.52000000;2243.60000000;2249.79000000;3380.12520000
2025-06-23 09:45:00;2249.78000000;2254.07000000;2248.62000000;2252.01000000;1480.55080000
2025-06-23 10:00:00;2252.01000000;2253.12000000;2246.31000000;2248.94000000;2138.02210000
2025-06-23 10:15:00;2248.94000000;2248.94000000;2244.03000000;2245.00000000;1848.47090000
2025-06-23 10:30:00;2245.00000000;2249.20000000;2238.68000000;2239.98000000;4107.89430000
2025-06-23 10:45:00;2239.98000000;2248.55000000;2239.98000000;2247.01000000;2404.27150000
2025-06-23 11:00:00;2247.01000000;2250.77000000;2244.03000000;2246.89000000;2521.20220000
2025-06-23 11:15:00;2246.93000000;2247.23000000;2241.29000000;2245.30000000;2234.15220000
2025-06-23 11:30:00;2245.31000000;2249.87000000;2244.56000000;2249.06000000;1662.64550000
2025-06-23 11:45:00;2249.06000000;2258.19000000;2244.70000000;2253.37000000;2754.66910000
2025-06-23 12:00:00;2253.38000000;2254.63000000;2246.50000000;2248.18000000;1754.99930000
2025-06-23 12:15:00;2248.19000000;2251.32000000;2245.64000000;2247.42000000;3127.42420000
2025-06-23 12:30:00;2247.42000000;2264.26000000;2245.95000000;2260.10000000;3359.96390000
2025-06-23 12:45:00;2260.11000000;2267.47000000;2257.60000000;2266.50000000;5344.62110000
2025-06-23 13:00:00;2266.49000000;2266.50000000;2251.89000000;2252.77000000;4542.32070000
2025-06-23 13:15:00;2252.75000000;2256.00000000;2246.84000000;2248.18000000;3015.92500000
2025-06-23 13:30:00;2248.18000000;2301.45000000;2232.45000000;2289.08000000;23560.62370000
2025-06-23 13:45:00;2289.09000000;2298.05000000;2276.87000000;2295.30000000;17808.64730000
2025-06-23 14:00:00;2295.29000000;2313.53000000;2292.20000000;2300.59000000;22291.33870000
2025-06-23 14:15:00;2300.59000000;2303.00000000;2275.33000000;2280.10000000;11988.37340000
2025-06-23 14:30:00;2280.11000000;2287.88000000;2274.02000000;2284.72000000;9383.81220000
2025-06-23 14:45:00;2284.80000000;2289.38000000;2271.80000000;2274.01000000;6251.00080000
2025-06-23 15:00:00;2274.01000000;2288.27000000;2273.80000000;2286.90000000;3924.22470000
2025-06-23 15:15:00;2286.90000000;2287.91000000;2264.39000000;2265.74000000;7273.52910000
2025-06-23 15:30:00;2265.74000000;2275.65000000;2256.70000000;2260.48000000;6679.81370000
2025-06-23 15:45:00;2260.48000000;2260.48000000;2247.62000000;2248.54000000;6025.07300000
2025-06-23 16:00:00;2248.53000000;2252.00000000;2227.94000000;2229.85000000;8643.73320000
2025-06-23 16:15:00;2229.85000000;2236.29000000;2207.03000000;2210.67000000;16717.35940000
2025-06-23 16:30:00;2210.67000000;2227.29000000;2188.00000000;2220.86000000;25256.70750000
2025-06-23 16:45:00;2220.87000000;2235.77000000;2210.16000000;2221.79000000;15577.31200000
2025-06-23 17:00:00;2221.80000000;2265.26000000;2217.20000000;2243.10000000;18305.20600000
2025-06-23 17:15:00;2243.11000000;2284.15000000;2242.63000000;2275.10000000;18967.72160000
2025-06-23 17:30:00;2275.10000000;2287.09000000;2267.87000000;2278.87000000;24385.02090000
2025-06-23 17:45:00;2278.87000000;2284.30000000;2262.74000000;2274.68000000;12984.80490000
2025-06-23 18:00:00;2274.68000000;2303.86000000;2272.93000000;2291.78000000;17007.49860000
2025-06-23 18:15:00;2291.78000000;2301.70000000;2282.60000000;2283.84000000;11033.80050000
2025-06-23 18:30:00;2283.84000000;2312.88000000;2282.84000000;2304.33000000;16491.21090000
2025-06-23 18:45:00;2304.33000000;2307.60000000;2298.95000000;2305.48000000;5606.79470000
2025-06-23 19:00:00;2305.48000000;2311.86000000;2299.34000000;2303.62000000;8055.93570000
2025-06-23 19:15:00;2303.62000000;2306.07000000;2295.50000000;2300.29000000;4221.56590000
2025-06-23 19:30:00;2300.29000000;2325.16000000;2295.50000000;2304.01000000;11011.03980000
2025-06-23 19:45:00;2304.01000000;2318.59000000;2299.97000000;2312.77000000;6637.58000000
2025-06-23 20:00:00;2312.77000000;2338.53000000;2303.79000000;2334.75000000;14582.78250000
2025-06-23 20:15:00;2334.74000000;2379.79000000;2330.17000000;2361.20000000;24446.34590000
2025-06-23 20:30:00;2361.19000000;2366.78000000;2347.48000000;2353.58000000;9991.63860000
2025-06-23 20:45:00;2353.58000000;2355.00000000;2342.09000000;2347.13000000;7255.60120000
2025-06-23 21:00:00;2347.13000000;2353.84000000;2345.44000000;2350.61000000;3855.62360000
2025-06-23 21:15:00;2350.61000000;2363.70000000;2342.59000000;2344.45000000;7682.63020000
2025-06-23 21:30:00;2344.46000000;2348.80000000;2338.97000000;2342.83000000;5899.07370000
2025-06-23 21:45:00;2342.84000000;2346.34000000;2333.89000000;2341.16000000;4184.10710000
2025-06-23 22:00:00;2341.16000000;2409.34000000;2340.72000000;2404.00000000;29748.35920000
2025-06-23 22:15:00;2404.00000000;2438.68000000;2391.13000000;2426.23000000;22856.59090000
2025-06-23 22:30:00;2426.23000000;2432.00000000;2385.00000000;2395.30000000;22739.76720000
2025-06-23 22:45:00;2395.31000000;2415.65000000;2387.14000000;2407.36000000;13182.07740000
2025-06-23 23:00:00;2407.36000000;2420.00000000;2405.91000000;2416.30000000;8441.75570000
2025-06-23 23:15:00;2416.30000000;2431.00000000;2410.88000000;2420.60000000;9187.16560000
2025-06-23 23:30:00;2420.59000000;2429.79000000;2413.92000000;2425.28000000;6415.01130000
2025-06-23 23:45:00;2425.29000000;2428.37000000;2409.28000000;2411.66000000;7444.87340000
2025-06-24 00:00:00;2411.66000000;2418.09000000;2404.63000000;2405.60000000;8071.32160000
2025-06-24 00:15:00;2405.62000000;2409.32000000;2400.00000000;2403.84000000;7414.86820000
2025-06-24 00:30:00;2403.84000000;2409.24000000;2399.00000000;2402.36000000;4019.85330000
2025-06-24 00:45:00;2402.37000000;2408.60000000;2392.39000000;2402.86000000;6804.62510000
2025-06-24 01:00:00;2402.86000000;2407.93000000;2396.09000000;2407.67000000;4197.49050000
2025-06-24 01:15:00;2407.67000000;2417.29000000;2402.08000000;2410.51000000;3669.53120000
2025-06-24 01:30:00;2410.52000000;2410.64000000;2404.08000000;2408.10000000;2639.69200000
2025-06-24 01:45:00;2408.09000000;2415.28000000;2406.26000000;2413.92000000;4904.03150000
2025-06-24 02:00:00;2413.91000000;2413.91000000;2389.31000000;2399.33000000;8182.03050000
2025-06-24 02:15:00;2399.33000000;2401.33000000;2389.74000000;2398.18000000;5167.60440000
2025-06-24 02:30:00;2398.17000000;2400.27000000;2390.60000000;2395.19000000;3909.35540000
2025-06-24 02:45:00;2395.20000000;2397.37000000;2390.48000000;2391.91000000;4972.51090000
2025-06-24 03:00:00;2391.91000000;2400.66000000;2391.09000000;2399.92000000;4389.28810000
2025-06-24 03:15:00;2399.92000000;2411.14000000;2399.40000000;2402.70000000;3788.27480000
2025-06-24 03:30:00;2402.70000000;2405.40000000;2396.65000000;2398.09000000;2997.35750000
2025-06-24 03:45:00;2398.09000000;2403.87000000;2396.90000000;2398.51000000;2184.70320000
2025-06-24 04:00:00;2398.51000000;2402.10000000;2394.88000000;2394.96000000;2252.57810000
2025-06-24 04:15:00;2394.95000000;2400.16000000;2392.40000000;2397.16000000;2255.60080000
2025-06-24 04:30:00;2397.17000000;2399.67000000;2395.00000000;2397.26000000;1895.71480000
2025-06-24 04:45:00;2397.26000000;2406.70000000;2394.77000000;2403.90000000;4430.44500000
2025-06-24 05:00:00;2403.91000000;2409.79000000;2401.59000000;2409.00000000;2965.34620000
2025-06-24 05:15:00;2409.00000000;2414.22000000;2402.96000000;2412.80000000;4139.02900000
2025-06-24 05:30:00;2412.80000000;2421.29000000;2410.60000000;2419.27000000;5921.47860000
2025-06-24 05:45:00;2419.27000000;2424.44000000;2417.00000000;2420.01000000;4692.54210000
2025-06-24 06:00:00;2420.02000000;2422.17000000;2410.93000000;2416.09000000;5040.98080000
2025-06-24 06:15:00;2416.09000000;2422.49000000;2415.28000000;2421.54000000;4909.42940000
2025-06-24 06:30:00;2421.54000000;2430.89000000;2420.60000000;2426.31000000;6160.15970000
2025-06-24 06:45:00;2426.32000000;2434.82000000;2423.81000000;2425.76000000;5674.67060000
2025-06-24 07:00:00;2425.76000000;2428.70000000;2418.00000000;2418.86000000;4964.09060000
2025-06-24 07:15:00;2418.85000000;2426.56000000;2415.83000000;2416.06000000;5768.01720000
2025-06-24 07:30:00;2416.07000000;2417.00000000;2396.44000000;2403.70000000;12393.47630000
2025-06-24 07:45:00;2403.71000000;2405.65000000;2391.20000000;2393.31000000;9033.34290000
2025-06-24 08:00:00;2393.31000000;2397.21000000;2380.41000000;2386.88000000;11369.31380000
2025-06-24 08:15:00;2386.87000000;2405.90000000;2376.11000000;2402.04000000;14417.74930000
2025-06-24 08:30:00;2402.04000000;2412.43000000;2396.80000000;2403.55000000;6936.15080000
2025-06-24 08:45:00;2403.54000000;2404.27000000;2399.20000000;2403.24000000;3078.22200000
2025-06-24 09:00:00;2403.24000000;2409.68000000;2398.99000000;2401.82000000;5229.40560000
2025-06-24 09:15:00;2401.81000000;2449.14000000;2400.09000000;2431.37000000;19095.98350000
2025-06-24 09:30:00;2431.37000000;2434.55000000;2414.14000000;2416.92000000;9837.32650000
2025-06-24 09:45:00;2416.93000000;2420.93000000;2414.16000000;2415.84000000;4110.81820000
2025-06-24 10:00:00;2415.84000000;2419.33000000;2412.41000000;2416.01000000;3871.94950000
2025-06-24 10:15:00;2416.01000000;2423.57000000;2412.63000000;2414.52000000;4260.52050000
2025-06-24 10:30:00;2414.52000000;2419.50000000;2406.41000000;2411.40000000;5765.94110000
2025-06-24 10:45:00;2411.40000000;2415.41000000;2409.07000000;2413.96000000;2462.91530000
2025-06-24 11:00:00;2413.96000000;2417.20000000;2406.20000000;2409.70000000;3402.15300000
2025-06-24 11:15:00;2409.70000000;2418.30000000;2397.72000000;2417.70000000;7602.50650000
2025-06-24 11:30:00;2417.69000000;2421.20000000;2404.18000000;2408.04000000;6915.28410000
2025-06-24 11:45:00;2408.03000000;2411.95000000;2406.85000000;2409.44000000;3020.43120000
2025-06-24 12:00:00;2409.44000000;2416.65000000;2408.90000000;2414.53000000;2682.13010000
2025-06-24 12:15:00;2414.52000000;2415.42000000;2402.89000000;2408.05000000;4034.02560000
2025-06-24 12:30:00;2408.05000000;2416.10000000;2404.47000000;2416.09000000;2851.17130000
2025-06-24 12:45:00;2416.09000000;2418.70000000;2411.80000000;2414.29000000;4354.09740000
2025-06-24 13:00:00;2414.29000000;2415.14000000;2406.49000000;2413.11000000;2959.17030000
2025-06-24 13:15:00;2413.12000000;2428.35000000;2412.74000000;2413.90000000;8875.29380000
2025-06-24 13:30:00;2413.90000000;2431.81000000;2404.75000000;2418.89000000;13664.25350000
2025-06-24 13:45:00;2418.89000000;2426.00000000;2411.10000000;2421.55000000;6157.85690000
2025-06-24 14:00:00;2421.55000000;2434.33000000;2420.31000000;2429.11000000;8093.70420000
2025-06-24 14:15:00;2429.10000000;2441.19000000;2426.21000000;2431.63000000;10962.94920000
2025-06-24 14:30:00;2431.63000000;2438.72000000;2427.90000000;2435.54000000;4974.61460000
2025-06-24 14:45:00;2435.55000000;2437.41000000;2426.07000000;2431.13000000;4133.89950000
2025-06-24 15:00:00;2431.14000000;2448.00000000;2431.14000000;2432.52000000;9820.27530000
2025-06-24 15:15:00;2432.53000000;2438.00000000;2427.85000000;2436.72000000;4659.39340000
2025-06-24 15:30:00;2436.72000000;2441.35000000;2425.01000000;2429.41000000;4663.77310000
2025-06-24 15:45:00;2429.41000000;2454.73000000;2426.70000000;2438.10000000;12231.07100000
2025-06-24 16:00:00;2438.11000000;2444.57000000;2434.09000000;2437.64000000;3791.70590000
2025-06-24 16:15:00;2437.64000000;2450.55000000;2437.63000000;2446.19000000;6428.47830000
2025-06-24 16:30:00;2446.18000000;2475.47000000;2439.78000000;2470.31000000;14126.25230000
2025-06-24 16:45:00;2470.32000000;2482.04000000;2461.82000000;2478.91000000;14861.08990000
2025-06-24 17:00:00;2478.91000000;2481.40000000;2458.46000000;2460.15000000;9573.48840000
2025-06-24 17:15:00;2460.15000000;2467.87000000;2443.40000000;2448.69000000;13697.00730000
2025-06-24 17:30:00;2448.70000000;2457.05000000;2445.60000000;2456.07000000;6479.92110000
2025-06-24 17:45:00;2456.07000000;2465.71000000;2454.44000000;2457.65000000;5589.01890000
2025-06-24 18:00:00;2457.65000000;2463.37000000;2446.65000000;2446.65000000;5706.29900000
2025-06-24 18:15:00;2446.73000000;2448.20000000;2433.88000000;2444.76000000;4923.98910000
2025-06-24 18:30:00;2444.77000000;2445.68000000;2437.19000000;2442.30000000;2424.31150000
2025-06-24 18:45:00;2442.31000000;2448.77000000;2435.38000000;2435.57000000;2341.72470000
2025-06-24 19:00:00;2435.56000000;2441.64000000;2430.14000000;2432.00000000;5540.83520000
2025-06-24 19:15:00;2432.00000000;2435.57000000;2428.10000000;2431.15000000;2164.37570000
2025-06-24 19:30:00;2431.15000000;2439.64000000;2429.00000000;2431.79000000;2280.43360000
2025-06-24 19:45:00;2431.78000000;2436.10000000;2417.22000000;2434.24000000;5703.60460000
2025-06-24 20:00:00;2434.23000000;2437.20000000;2430.70000000;2432.68000000;2691.41290000
2025-06-24 20:15:00;2432.67000000;2443.91000000;2431.06000000;2442.07000000;2081.04210000
2025-06-24 20:30:00;2442.08000000;2446.06000000;2440.25000000;2444.95000000;1730.57440000
2025-06-24 20:45:00;2444.96000000;2450.41000000;2442.63000000;2449.40000000;2513.89790000
2025-06-24 21:00:00;2449.39000000;2449.80000000;2436.00000000;2437.71000000;2363.87510000
2025-06-24 21:15:00;2437.72000000;2443.50000000;2437.42000000;2440.71000000;1975.85180000
2025-06-24 21:30:00;2440.71000000;2444.92000000;2437.33000000;2437.39000000;2119.49680000
2025-06-24 21:45:00;2437.40000000;2446.31000000;2437.39000000;2445.24000000;2368.48320000
2025-06-24 22:00:00;2445.23000000;2445.23000000;2434.02000000;2438.89000000;2781.51880000
2025-06-24 22:15:00;2438.89000000;2441.84000000;2434.51000000;2439.70000000;1181.58910000
2025-06-24 22:30:00;2439.71000000;2440.61000000;2435.31000000;2440.10000000;789.41800000
2025-06-24 22:45:00;2440.07000000;2442.60000000;2437.92000000;2441.61000000;1103.28540000
2025-06-24 23:00:00;2441.61000000;2442.63000000;2430.73000000;2432.18000000;2527.79360000
2025-06-24 23:15:00;2432.17000000;2437.00000000;2430.70000000;2436.99000000;1787.72420000
2025-06-24 23:30:00;2437.00000000;2447.59000000;2434.30000000;2446.97000000;2727.52560000
2025-06-24 23:45:00;2446.98000000;2449.01000000;2442.99000000;2448.45000000;4080.84730000
2025-06-25 00:00:00;2448.46000000;2457.51000000;2443.86000000;2454.78000000;4549.51850000
2025-06-25 00:15:00;2454.78000000;2455.69000000;2447.05000000;2449.17000000;1887.42250000
2025-06-25 00:30:00;2449.17000000;2451.00000000;2436.62000000;2441.91000000;2730.35990000
2025-06-25 00:45:00;2441.90000000;2462.00000000;2441.10000000;2458.51000000;2936.27250000
2025-06-25 01:00:00;2458.51000000;2462.82000000;2454.86000000;2455.64000000;2565.59820000
2025-06-25 01:15:00;2455.64000000;2460.90000000;2445.18000000;2449.89000000;2845.43860000
2025-06-25 01:30:00;2449.89000000;2462.63000000;2445.77000000;2462.06000000;2023.07910000
2025-06-25 01:45:00;2462.06000000;2465.43000000;2455.03000000;2460.92000000;2756.04210000
2025-06-25 02:00:00;2460.92000000;2468.69000000;2455.90000000;2462.59000000;5301.81740000
2025-06-25 02:15:00;2462.58000000;2464.33000000;2455.52000000;2455.53000000;2434.49000000
2025-06-25 02:30:00;2455.53000000;2458.10000000;2452.66000000;2454.56000000;2093.56130000
2025-06-25 02:45:00;2454.57000000;2460.20000000;2450.60000000;2451.73000000;1686.79760000
2025-06-25 03:00:00;2451.74000000;2457.36000000;2446.71000000;2455.34000000;1685.43540000
2025-06-25 03:15:00;2455.33000000;2460.30000000;2452.17000000;2455.97000000;2025.86170000
2025-06-25 03:30:00;2455.97000000;2458.30000000;2450.81000000;2451.38000000;1777.67190000
2025-06-25 03:45:00;2451.39000000;2453.37000000;2443.76000000;2444.38000000;3340.33190000
2025-06-25 04:00:00;2444.38000000;2447.49000000;2436.94000000;2439.70000000;4060.56240000
2025-06-25 04:15:00;2439.69000000;2444.70000000;2435.79000000;2444.61000000;1988.83210000
2025-06-25 04:30:00;2444.61000000;2444.61000000;2431.80000000;2433.50000000;3020.37960000
2025-06-25 04:45:00;2433.50000000;2436.47000000;2428.89000000;2435.25000000;2801.26420000
2025-06-25 05:00:00;2435.24000000;2440.10000000;2429.57000000;2432.30000000;2605.82150000
2025-06-25 05:15:00;2432.30000000;2432.63000000;2424.21000000;2430.06000000;4334.10260000
2025-06-25 05:30:00;2430.05000000;2436.50000000;2426.96000000;2432.30000000;2576.71010000
2025-06-25 05:45:00;2432.30000000;2435.01000000;2429.38000000;2429.38000000;2769.76790000
2025-06-25 06:00:00;2429.38000000;2436.50000000;2426.23000000;2436.04000000;3546.10810000
2025-06-25 06:15:00;2436.04000000;2443.93000000;2433.59000000;2441.30000000;3577.58580000
2025-06-25 06:30:00;2441.30000000;2443.80000000;2438.15000000;2443.39000000;1873.36360000
2025-06-25 06:45:00;2443.39000000;2445.28000000;2440.27000000;2444.68000000;1566.41640000
2025-06-25 07:00:00;2444.68000000;2447.00000000;2440.00000000;2442.10000000;2257.35050000
2025-06-25 07:15:00;2442.09000000;2450.66000000;2442.00000000;2448.73000000;3068.68980000
2025-06-25 07:30:00;2448.74000000;2450.66000000;2443.52000000;2447.11000000;2402.91810000
2025-06-25 07:45:00;2447.10000000;2449.66000000;2443.17000000;2444.54000000;2085.00420000
2025-06-25 08:00:00;2444.55000000;2445.70000000;2437.60000000;2442.40000000;2824.49680000
2025-06-25 08:15:00;2442.40000000;2445.77000000;2434.00000000;2434.23000000;3069.41550000
2025-06-25 08:30:00;2434.22000000;2434.22000000;2428.26000000;2430.41000000;3686.42370000
2025-06-25 08:45:00;2430.40000000;2439.49000000;2424.64000000;2439.49000000;6296.96110000
2025-06-25 09:00:00;2439.49000000;2448.47000000;2437.33000000;2441.83000000;7206.44250000
2025-06-25 09:15:00;2441.84000000;2446.39000000;2440.84000000;2440.84000000;2679.14800000
2025-06-25 09:30:00;2440.85000000;2444.08000000;2407.63000000;2412.96000000;20352.63460000
2025-06-25 09:45:00;2412.96000000;2422.02000000;2412.79000000;2420.56000000;4478.35190000
2025-06-25 10:00:00;2420.56000000;2422.22000000;2414.25000000;2419.70000000;4558.62660000
2025-06-25 10:15:00;2419.71000000;2432.46000000;2418.28000000;2431.33000000;6508.43830000
2025-06-25 10:30:00;2431.34000000;2431.34000000;2424.00000000;2424.77000000;2854.30990000
2025-06-25 10:45:00;2424.77000000;2429.57000000;2422.54000000;2426.49000000;3093.91230000
2025-06-25 11:00:00;2426.50000000;2428.77000000;2417.30000000;2419.22000000;2766.32460000
2025-06-25 11:15:00;2419.21000000;2421.71000000;2413.15000000;2420.35000000;4588.28050000
2025-06-25 11:30:00;2420.34000000;2429.94000000;2419.20000000;2427.60000000;3588.98570000
2025-06-25 11:45:00;2427.60000000;2430.00000000;2426.56000000;2428.95000000;4531.86370000
2025-06-25 12:00:00;2428.96000000;2429.54000000;2421.62000000;2422.32000000;3448.95570000
2025-06-25 12:15:00;2422.31000000;2423.95000000;2416.49000000;2418.13000000;2985.82640000
2025-06-25 12:30:00;2418.14000000;2428.59000000;2415.51000000;2423.99000000;5266.68960000
2025-06-25 12:45:00;2423.99000000;2429.48000000;2420.30000000;2428.89000000;5988.71750000
2025-06-25 13:00:00;2428.90000000;2436.79000000;2424.09000000;2435.27000000;3568.13750000
2025-06-25 13:15:00;2435.28000000;2446.59000000;2432.86000000;2440.99000000;9631.17450000
2025-06-25 13:30:00;2440.99000000;2442.29000000;2424.51000000;2435.54000000;8542.48790000
2025-06-25 13:45:00;2435.54000000;2445.47000000;2427.87000000;2435.01000000;7404.74560000
2025-06-25 14:00:00;2435.01000000;2442.00000000;2429.20000000;2429.30000000;6377.40800000
2025-06-25 14:15:00;2429.29000000;2429.30000000;2389.69000000;2404.75000000;29516.48560000
2025-06-25 14:30:00;2404.76000000;2422.38000000;2401.26000000;2421.20000000;10516.55810000
2025-06-25 14:45:00;2421.19000000;2443.80000000;2418.22000000;2432.12000000;16129.28170000
2025-06-25 15:00:00;2432.12000000;2432.70000000;2412.25000000;2419.40000000;9323.83390000
2025-06-25 15:15:00;2419.39000000;2419.69000000;2401.67000000;2412.99000000;8733.34750000
2025-06-25 15:30:00;2412.99000000;2415.69000000;2397.05000000;2407.57000000;9598.79440000
2025-06-25 15:45:00;2407.57000000;2414.12000000;2403.32000000;2405.68000000;4851.25680000
2025-06-25 16:00:00;2405.69000000;2415.98000000;2405.51000000;2411.31000000;4982.53980000
2025-06-25 16:15:00;2411.32000000;2420.00000000;2411.32000000;2418.68000000;4679.59100000
2025-06-25 16:30:00;2418.68000000;2420.64000000;2406.70000000;2409.65000000;3830.58050000
2025-06-25 16:45:00;2409.65000000;2414.02000000;2401.37000000;2410.53000000;3230.82140000
2025-06-25 17:00:00;2410.54000000;2418.88000000;2408.30000000;2416.89000000;2754.53490000
2025-06-25 17:15:00;2416.89000000;2431.70000000;2416.76000000;2423.41000000;6520.63140000
2025-06-25 17:30:00;2423.42000000;2425.90000000;2407.06000000;2410.54000000;3846.60670000
2025-06-25 17:45:00;2410.54000000;2424.69000000;2409.59000000;2422.83000000;2944.12140000
2025-06-25 18:00:00;2422.82000000;2424.28000000;2417.00000000;2423.02000000;1824.50920000
2025-06-25 18:15:00;2423.01000000;2423.42000000;2415.55000000;2415.89000000;1963.33800000
2025-06-25 18:30:00;2415.89000000;2421.07000000;2411.73000000;2415.99000000;2569.22450000
2025-06-25 18:45:00;2416.00000000;2419.48000000;2413.94000000;2418.40000000;1228.31880000
2025-06-25 19:00:00;2418.39000000;2432.00000000;2418.34000000;2429.53000000;5052.52380000
2025-06-25 19:15:00;2429.53000000;2440.00000000;2426.83000000;2435.81000000;9071.63330000
2025-06-25 19:30:00;2435.81000000;2436.57000000;2426.54000000;2431.62000000;4148.26230000
2025-06-25 19:45:00;2431.62000000;2435.99000000;2427.93000000;2432.79000000;2460.11230000
2025-06-25 20:00:00;2432.79000000;2435.99000000;2428.57000000;2432.16000000;2035.72530000
2025-06-25 20:15:00;2432.16000000;2435.05000000;2428.12000000;2429.20000000;1803.12370000
2025-06-25 20:30:00;2429.19000000;2433.80000000;2426.25000000;2427.17000000;1298.45040000
2025-06-25 20:45:00;2427.16000000;2441.80000000;2426.08000000;2438.20000000;6498.98620000
2025-06-25 21:00:00;2438.19000000;2454.98000000;2434.85000000;2435.06000000;7695.93840000
2025-06-25 21:15:00;2435.07000000;2441.60000000;2428.78000000;2430.29000000;3207.22140000
2025-06-25 21:30:00;2430.29000000;2437.75000000;2427.39000000;2433.59000000;2685.04980000
2025-06-25 21:45:00;2433.60000000;2434.66000000;2427.20000000;2430.60000000;1595.91910000
2025-06-25 22:00:00;2430.60000000;2430.66000000;2418.74000000;2424.32000000;4183.97480000
2025-06-25 22:15:00;2424.33000000;2424.33000000;2417.33000000;2418.76000000;1604.24770000
2025-06-25 22:30:00;2418.77000000;2419.31000000;2411.95000000;2413.61000000;1924.69040000
2025-06-25 22:45:00;2413.61000000;2418.01000000;2410.02000000;2416.24000000;1608.19660000
2025-06-25 23:00:00;2416.23000000;2416.23000000;2408.02000000;2415.01000000;2076.07490000
2025-06-25 23:15:00;2415.01000000;2418.16000000;2412.48000000;2415.05000000;1126.44510000
2025-06-25 23:30:00;2415.06000000;2418.74000000;2414.38000000;2417.80000000;1441.03730000
2025-06-25 23:45:00;2417.80000000;2419.49000000;2413.22000000;2418.49000000;859.41640000
2025-06-26 00:00:00;2418.50000000;2424.65000000;2417.91000000;2422.81000000;1590.05350000
2025-06-26 00:15:00;2422.82000000;2428.00000000;2420.40000000;2420.82000000;3425.21650000
2025-06-26 00:30:00;2420.83000000;2426.51000000;2416.99000000;2424.44000000;9024.16490000
2025-06-26 00:45:00;2424.44000000;2428.48000000;2421.64000000;2426.90000000;1369.04030000
2025-06-26 01:00:00;2426.91000000;2426.91000000;2423.00000000;2425.01000000;893.48790000
2025-06-26 01:15:00;2425.02000000;2444.40000000;2420.00000000;2441.48000000;7573.41530000
2025-06-26 01:30:00;2441.47000000;2474.87000000;2436.98000000;2457.19000000;17247.41200000
2025-06-26 01:45:00;2457.18000000;2460.93000000;2451.79000000;2459.22000000;3140.04550000
2025-06-26 02:00:00;2459.22000000;2474.49000000;2459.22000000;2465.90000000;7318.04900000
2025-06-26 02:15:00;2465.89000000;2470.90000000;2464.00000000;2468.75000000;3903.39010000
2025-06-26 02:30:00;2468.73000000;2470.10000000;2461.66000000;2462.79000000;5307.55380000
2025-06-26 02:45:00;2462.80000000;2502.00000000;2460.00000000;2493.30000000;22746.65400000
2025-06-26 03:00:00;2493.30000000;2520.92000000;2492.84000000;2500.61000000;37393.89300000
2025-06-26 03:15:00;2500.61000000;2505.46000000;2490.49000000;2491.90000000;6683.81250000
2025-06-26 03:30:00;2491.90000000;2494.56000000;2482.45000000;2485.39000000;5766.02050000
2025-06-26 03:45:00;2485.37000000;2489.69000000;2483.40000000;2488.78000000;2653.18590000
2025-06-26 04:00:00;2488.79000000;2491.58000000;2477.32000000;2483.20000000;4313.51260000
2025-06-26 04:15:00;2483.20000000;2484.47000000;2474.30000000;2475.99000000;3684.16550000
2025-06-26 04:30:00;2476.00000000;2486.27000000;2474.46000000;2477.30000000;4037.74020000
2025-06-26 04:45:00;2477.30000000;2481.18000000;2469.83000000;2480.61000000;2323.85340000
2025-06-26 05:00:00;2480.62000000;2483.80000000;2475.46000000;2480.31000000;1646.50050000
2025-06-26 05:15:00;2480.30000000;2480.31000000;2471.74000000;2474.48000000;2644.97080000
2025-06-26 05:30:00;2474.49000000;2477.26000000;2467.14000000;2471.63000000;3027.84010000
2025-06-26 05:45:00;2471.63000000;2476.70000000;2470.14000000;2475.59000000;2302.72960000
2025-06-26 06:00:00;2475.59000000;2486.75000000;2473.55000000;2483.40000000;4303.33240000
2025-06-26 06:15:00;2483.28000000;2483.70000000;2478.32000000;2479.85000000;1851.51880000
2025-06-26 06:30:00;2479.86000000;2485.00000000;2479.20000000;2481.13000000;1511.74920000
2025-06-26 06:45:00;2481.13000000;2489.46000000;2481.12000000;2487.21000000;3588.33770000
2025-06-26 07:00:00;2487.20000000;2490.00000000;2480.28000000;2488.25000000;3010.40120000
2025-06-26 07:15:00;2488.25000000;2498.33000000;2486.39000000;2493.70000000;5967.87010000
2025-06-26 07:30:00;2493.69000000;2496.47000000;2489.64000000;2495.00000000;2806.13600000
2025-06-26 07:45:00;2495.00000000;2500.56000000;2488.04000000;2489.89000000;5275.92540000
2025-06-26 08:00:00;2489.88000000;2498.50000000;2489.67000000;2498.50000000;3555.80610000
2025-06-26 08:15:00;2498.50000000;2500.40000000;2489.49000000;2490.13000000;4802.08190000
2025-06-26 08:30:00;2490.13000000;2494.67000000;2484.59000000;2488.00000000;3832.81930000
2025-06-26 08:45:00;2488.00000000;2489.41000000;2485.00000000;2486.80000000;2322.51190000
2025-06-26 09:00:00;2486.81000000;2489.01000000;2466.72000000;2469.41000000;11019.18340000
2025-06-26 09:15:00;2469.40000000;2476.52000000;2469.18000000;2471.99000000;3952.79770000
2025-06-26 09:30:00;2472.00000000;2475.00000000;2468.20000000;2470.25000000;2945.05500000
2025-06-26 09:45:00;2470.26000000;2471.37000000;2462.50000000;2463.39000000;3909.50380000
2025-06-26 10:00:00;2463.39000000;2467.06000000;2453.33000000;2464.21000000;5867.45160000
2025-06-26 10:15:00;2464.20000000;2464.20000000;2458.11000000;2459.80000000;2225.08040000
2025-06-26 10:30:00;2459.80000000;2461.92000000;2455.67000000;2456.45000000;2418.68350000
2025-06-26 10:45:00;2456.45000000;2459.17000000;2446.24000000;2451.13000000;4183.03880000
2025-06-26 11:00:00;2451.14000000;2453.99000000;2449.70000000;2452.66000000;2119.34320000
2025-06-26 11:15:00;2452.66000000;2453.70000000;2440.00000000;2447.17000000;5741.62050000
2025-06-26 11:30:00;2447.17000000;2450.20000000;2443.06000000;2443.81000000;2757.67660000
2025-06-26 11:45:00;2443.81000000;2452.78000000;2443.10000000;2450.36000000;3466.45990000
2025-06-26 12:00:00;2450.35000000;2454.77000000;2441.82000000;2445.00000000;4383.81160000
2025-06-26 12:15:00;2445.01000000;2447.23000000;2433.88000000;2443.32000000;6475.02940000
2025-06-26 12:30:00;2443.31000000;2452.15000000;2439.80000000;2449.03000000;4988.45170000
2025-06-26 12:45:00;2449.02000000;2449.33000000;2434.82000000;2440.02000000;3027.65330000
2025-06-26 13:00:00;2440.03000000;2443.95000000;2427.77000000;2431.23000000;4616.10980000
2025-06-26 13:15:00;2431.23000000;2441.24000000;2431.22000000;2439.91000000;3900.62810000
2025-06-26 13:30:00;2439.91000000;2446.35000000;2433.20000000;2442.48000000;4998.24260000
2025-06-26 13:45:00;2442.49000000;2445.36000000;2424.31000000;2433.68000000;9548.92780000
2025-06-26 14:00:00;2433.67000000;2438.71000000;2422.51000000;2429.13000000;11164.95090000
2025-06-26 14:15:00;2429.14000000;2437.74000000;2420.00000000;2435.73000000;8994.72520000
2025-06-26 14:30:00;2435.74000000;2452.12000000;2435.45000000;2449.28000000;11126.49030000
2025-06-26 14:45:00;2449.28000000;2459.49000000;2443.48000000;2446.48000000;5873.83760000
2025-06-26 15:00:00;2446.49000000;2449.00000000;2440.13000000;2440.53000000;2316.86460000
2025-06-26 15:15:00;2440.52000000;2447.42000000;2414.00000000;2417.40000000;10285.73900000
2025-06-26 15:30:00;2417.40000000;2430.61000000;2409.51000000;2425.49000000;15452.21950000
2025-06-26 15:45:00;2425.48000000;2436.82000000;2425.34000000;2433.03000000;4016.59630000
2025-06-26 16:00:00;2433.04000000;2437.20000000;2425.15000000;2429.13000000;3311.56140000
2025-06-26 16:15:00;2429.12000000;2432.46000000;2423.50000000;2429.70000000;2154.37400000
2025-06-26 16:30:00;2429.70000000;2430.47000000;2424.00000000;2425.16000000;1596.19030000
2025-06-26 16:45:00;2425.15000000;2427.65000000;2418.23000000;2427.65000000;1909.31850000
2025-06-26 17:00:00;2427.66000000;2435.97000000;2422.70000000;2422.98000000;2353.27830000
2025-06-26 17:15:00;2422.98000000;2428.83000000;2421.50000000;2426.47000000;1604.80980000
2025-06-26 17:30:00;2426.48000000;2429.90000000;2424.70000000;2428.31000000;1076.41110000
2025-06-26 17:45:00;2428.30000000;2430.38000000;2420.00000000;2420.70000000;3493.97260000
2025-06-26 18:00:00;2420.71000000;2432.58000000;2418.20000000;2431.05000000;5648.60350000
2025-06-26 18:15:00;2431.05000000;2438.08000000;2424.31000000;2425.79000000;4379.37040000
2025-06-26 18:30:00;2425.79000000;2426.87000000;2418.91000000;2426.22000000;3116.42100000
2025-06-26 18:45:00;2426.22000000;2428.67000000;2421.02000000;2425.25000000;1571.20110000
2025-06-26 19:00:00;2425.25000000;2430.68000000;2422.73000000;2427.57000000;1601.42830000
2025-06-26 19:15:00;2427.57000000;2435.00000000;2427.35000000;2429.80000000;1812.07300000
2025-06-26 19:30:00;2429.80000000;2440.09000000;2429.57000000;2438.41000000;1898.70580000
2025-06-26 19:45:00;2438.41000000;2442.91000000;2434.60000000;2435.87000000;2861.28660000
2025-06-26 20:00:00;2435.86000000;2443.64000000;2430.40000000;2439.03000000;2747.89510000
2025-06-26 20:15:00;2439.04000000;2444.77000000;2438.80000000;2443.49000000;1743.96540000
2025-06-26 20:30:00;2443.50000000;2457.32000000;2442.59000000;2456.90000000;5051.27160000
2025-06-26 20:45:00;2456.90000000;2457.31000000;2442.95000000;2445.27000000;2488.91500000
2025-06-26 21:00:00;2445.27000000;2445.51000000;2418.20000000;2422.68000000;6623.10290000
2025-06-26 21:15:00;2422.67000000;2429.63000000;2419.76000000;2426.89000000;2871.67320000
2025-06-26 21:30:00;2426.88000000;2430.70000000;2394.32000000;2410.69000000;13396.75750000
2025-06-26 21:45:00;2410.69000000;2417.41000000;2405.90000000;2414.13000000;4036.57350000
2025-06-26 22:00:00;2414.12000000;2424.62000000;2411.84000000;2412.99000000;3785.70420000
2025-06-26 22:15:00;2412.99000000;2423.62000000;2412.00000000;2419.59000000;2575.73300000
2025-06-26 22:30:00;2419.60000000;2421.39000000;2412.66000000;2412.78000000;2007.97220000
2025-06-26 22:45:00;2412.78000000;2418.96000000;2412.33000000;2413.33000000;2020.11550000
2025-06-26 23:00:00;2413.34000000;2415.40000000;2405.91000000;2406.29000000;3515.98220000
2025-06-26 23:15:00;2406.29000000;2417.45000000;2406.28000000;2415.20000000;1828.88000000
2025-06-26 23:30:00;2415.20000000;2417.16000000;2412.30000000;2415.11000000;2307.58680000
2025-06-26 23:45:00;2415.12000000;2416.45000000;2412.62000000;2415.96000000;1691.52280000
2025-06-27 00:00:00;2415.96000000;2421.20000000;2414.75000000;2416.00000000;1628.98860000
2025-06-27 00:15:00;2416.01000000;2420.32000000;2416.01000000;2419.17000000;1396.04850000
2025-06-27 00:30:00;2419.17000000;2419.54000000;2406.56000000;2408.01000000;3035.42640000
2025-06-27 00:45:00;2408.00000000;2410.73000000;2400.00000000;2400.36000000;4450.96960000
2025-06-27 01:00:00;2400.37000000;2422.03000000;2382.53000000;2418.80000000;28315.61060000
2025-06-27 01:15:00;2418.80000000;2427.45000000;2413.38000000;2422.70000000;7596.05370000
2025-06-27 01:30:00;2422.70000000;2430.02000000;2421.59000000;2427.67000000;2172.64750000
2025-06-27 01:45:00;2427.67000000;2431.98000000;2425.35000000;2426.17000000;2550.30630000
2025-06-27 02:00:00;2426.17000000;2431.28000000;2423.68000000;2430.10000000;1429.86000000
2025-06-27 02:15:00;2430.11000000;2433.83000000;2430.10000000;2431.33000000;1804.50470000
2025-06-27 02:30:00;2431.34000000;2436.79000000;2430.80000000;2435.01000000;1756.10840000
2025-06-27 02:45:00;2435.02000000;2440.11000000;2434.16000000;2437.82000000;3147.28200000
2025-06-27 03:00:00;2437.82000000;2442.63000000;2432.88000000;2433.67000000;9419.39400000
2025-06-27 03:15:00;2433.67000000;2445.21000000;2433.67000000;2441.96000000;4059.54550000
2025-06-27 03:30:00;2441.96000000;2444.91000000;2440.84000000;2443.89000000;2310.97050000
2025-06-27 03:45:00;2443.89000000;2448.84000000;2443.88000000;2446.97000000;2712.63860000
2025-06-27 04:00:00;2446.98000000;2447.61000000;2444.39000000;2445.38000000;2320.47440000
2025-06-27 04:15:00;2445.37000000;2450.86000000;2440.00000000;2449.03000000;6375.37920000
2025-06-27 04:30:00;2449.03000000;2453.12000000;2448.77000000;2449.69000000;2111.14480000
2025-06-27 04:45:00;2449.69000000;2452.95000000;2449.03000000;2449.79000000;1604.65690000
2025-06-27 05:00:00;2449.78000000;2452.99000000;2445.62000000;2449.45000000;2525.70770000
2025-06-27 05:15:00;2449.45000000;2449.46000000;2435.15000000;2436.61000000;9889.36920000
2025-06-27 05:30:00;2436.60000000;2439.97000000;2434.63000000;2438.84000000;3055.83470000
2025-06-27 05:45:00;2438.83000000;2441.06000000;2438.00000000;2440.00000000;6655.23540000
2025-06-27 06:00:00;2440.00000000;2444.63000000;2436.40000000;2443.42000000;5551.63340000
2025-06-27 06:15:00;2443.41000000;2447.65000000;2440.00000000;2441.37000000;2683.49330000
2025-06-27 06:30:00;2441.37000000;2447.03000000;2440.00000000;2445.88000000;2593.00100000
2025-06-27 06:45:00;2445.90000000;2450.54000000;2444.20000000;2448.74000000;2926.80190000
2025-06-27 07:00:00;2448.75000000;2452.62000000;2445.57000000;2452.31000000;3037.06800000
2025-06-27 07:15:00;2452.31000000;2459.53000000;2444.15000000;2445.72000000;5050.65790000
2025-06-27 07:30:00;2445.72000000;2445.91000000;2438.37000000;2439.20000000;10159.57030000
2025-06-27 07:45:00;2439.19000000;2442.64000000;2438.00000000;2442.31000000;6557.78770000
2025-06-27 08:00:00;2442.30000000;2445.15000000;2435.25000000;2439.92000000;6381.44480000
2025-06-27 08:15:00;2439.91000000;2442.36000000;2437.62000000;2438.14000000;3204.77270000
2025-06-27 08:30:00;2438.14000000;2450.00000000;2437.50000000;2449.69000000;3697.54980000
2025-06-27 08:45:00;2449.69000000;2463.54000000;2445.26000000;2448.61000000;9541.22250000
2025-06-27 09:00:00;2448.62000000;2450.55000000;2442.67000000;2446.44000000;10274.73860000
2025-06-27 09:15:00;2446.44000000;2454.25000000;2446.37000000;2448.19000000;3621.30580000
2025-06-27 09:30:00;2448.20000000;2457.08000000;2448.20000000;2456.02000000;3717.65360000
2025-06-27 09:45:00;2456.03000000;2463.30000000;2453.88000000;2460.88000000;5913.37030000
2025-06-27 10:00:00;2460.88000000;2461.70000000;2450.32000000;2451.41000000;3564.44480000
2025-06-27 10:15:00;2451.41000000;2454.16000000;2447.48000000;2451.45000000;1558.65910000
2025-06-27 10:30:00;2451.46000000;2453.68000000;2447.64000000;2449.01000000;2224.56580000
2025-06-27 10:45:00;2449.01000000;2451.27000000;2445.95000000;2446.19000000;4108.18210000
2025-06-27 11:00:00;2446.20000000;2450.31000000;2446.19000000;2449.46000000;1456.07210000
2025-06-27 11:15:00;2449.45000000;2455.01000000;2443.84000000;2443.94000000;4488.62140000
2025-06-27 11:30:00;2443.94000000;2447.00000000;2442.74000000;2445.31000000;1210.24860000
2025-06-27 11:45:00;2445.31000000;2447.26000000;2443.45000000;2447.25000000;975.34320000
2025-06-27 12:00:00;2447.25000000;2450.44000000;2444.09000000;2449.58000000;2144.02760000
2025-06-27 12:15:00;2449.57000000;2456.92000000;2447.87000000;2452.75000000;2144.37640000
2025-06-27 12:30:00;2452.76000000;2452.98000000;2436.70000000;2438.56000000;6276.30530000
2025-06-27 12:45:00;2438.56000000;2440.91000000;2427.25000000;2429.97000000;5644.28640000
2025-06-27 13:00:00;2429.97000000;2435.42000000;2425.38000000;2435.42000000;2549.60500000
2025-06-27 13:15:00;2435.43000000;2436.77000000;2422.56000000;2425.91000000;3556.74950000
2025-06-27 13:30:00;2425.90000000;2435.92000000;2423.70000000;2428.68000000;4332.59770000
2025-06-27 13:45:00;2428.67000000;2430.57000000;2417.10000000;2428.02000000;6358.08440000
2025-06-27 14:00:00;2428.02000000;2438.00000000;2423.66000000;2423.66000000;6353.24810000
2025-06-27 14:15:00;2423.67000000;2428.13000000;2417.07000000;2420.63000000;6012.94230000
2025-06-27 14:30:00;2420.62000000;2426.34000000;2414.15000000;2423.45000000;5665.78970000
2025-06-27 14:45:00;2423.46000000;2427.92000000;2420.80000000;2423.25000000;3584.34540000
2025-06-27 15:00:00;2423.24000000;2426.49000000;2419.57000000;2423.21000000;1660.85700000
2025-06-27 15:15:00;2423.22000000;2431.00000000;2421.17000000;2430.37000000;3271.77320000
2025-06-27 15:30:00;2430.36000000;2441.01000000;2428.82000000;2438.21000000;4542.75600000
2025-06-27 15:45:00;2438.22000000;2442.63000000;2434.14000000;2438.25000000;3175.84540000
2025-06-27 16:00:00;2438.26000000;2440.51000000;2433.08000000;2433.52000000;1865.61340000
2025-06-27 16:15:00;2433.52000000;2437.04000000;2431.70000000;2435.61000000;1295.80480000
2025-06-27 16:30:00;2435.60000000;2449.44000000;2435.48000000;2436.71000000;5450.40370000
2025-06-27 16:45:00;2436.72000000;2437.57000000;2432.24000000;2433.43000000;3882.18890000
2025-06-27 17:00:00;2433.42000000;2433.43000000;2419.00000000;2420.82000000;3080.03500000
2025-06-27 17:15:00;2420.78000000;2426.57000000;2415.00000000;2416.66000000;3716.38780000
2025-06-27 17:30:00;2416.66000000;2418.94000000;2404.79000000;2405.03000000;4370.83330000
2025-06-27 17:45:00;2405.02000000;2408.10000000;2395.75000000;2404.88000000;9646.53640000
2025-06-27 18:00:00;2404.87000000;2408.72000000;2401.60000000;2402.29000000;2890.60150000
2025-06-27 18:15:00;2402.30000000;2406.19000000;2395.48000000;2397.79000000;3322.29990000
2025-06-27 18:30:00;2397.78000000;2400.96000000;2389.53000000;2392.08000000;4684.29450000
2025-06-27 18:45:00;2392.10000000;2395.08000000;2388.29000000;2394.98000000;3459.25760000
2025-06-27 19:00:00;2394.97000000;2411.11000000;2392.42000000;2406.53000000;4345.32950000
2025-06-27 19:15:00;2406.53000000;2410.61000000;2401.87000000;2406.46000000;1830.07520000
2025-06-27 19:30:00;2406.46000000;2410.62000000;2404.16000000;2409.39000000;1271.89410000
2025-06-27 19:45:00;2409.38000000;2418.18000000;2408.83000000;2412.67000000;3590.04690000
2025-06-27 20:00:00;2412.67000000;2422.42000000;2411.54000000;2418.89000000;2890.77500000
2025-06-27 20:15:00;2418.90000000;2426.23000000;2418.89000000;2422.64000000;2782.86000000
2025-06-27 20:30:00;2422.63000000;2425.51000000;2420.67000000;2424.49000000;1413.20550000
2025-06-27 20:45:00;2424.49000000;2427.54000000;2421.52000000;2426.20000000;2692.44430000
2025-06-27 21:00:00;2426.20000000;2428.38000000;2421.65000000;2421.66000000;3130.47400000
2025-06-27 21:15:00;2421.66000000;2428.24000000;2417.15000000;2427.99000000;4348.86740000
2025-06-27 21:30:00;2427.99000000;2429.47000000;2420.23000000;2421.54000000;2206.80230000
2025-06-27 21:45:00;2421.55000000;2424.42000000;2418.82000000;2419.85000000;1744.87540000
2025-06-27 22:00:00;2419.85000000;2424.42000000;2419.73000000;2421.27000000;1517.77990000
2025-06-27 22:15:00;2421.28000000;2423.85000000;2420.99000000;2421.62000000;1386.91780000
2025-06-27 22:30:00;2421.62000000;2425.03000000;2419.70000000;2422.24000000;1559.45090000
2025-06-27 22:45:00;2422.23000000;2424.96000000;2421.76000000;2422.32000000;1659.37150000
2025-06-27 23:00:00;2422.32000000;2424.42000000;2420.37000000;2421.70000000;3765.04580000
2025-06-27 23:15:00;2421.70000000;2421.70000000;2416.68000000;2416.69000000;2643.52300000
2025-06-27 23:30:00;2416.69000000;2420.22000000;2415.01000000;2419.84000000;3500.04860000
2025-06-27 23:45:00;2419.84000000;2423.86000000;2419.84000000;2423.17000000;1434.76680000
2025-06-28 00:00:00;2423.17000000;2423.91000000;2417.12000000;2417.30000000;1795.02910000
2025-06-28 00:15:00;2417.30000000;2421.46000000;2416.94000000;2420.36000000;1957.29790000
2025-06-28 00:30:00;2420.36000000;2421.55000000;2417.84000000;2419.46000000;1469.11720000
2025-06-28 00:45:00;2419.46000000;2423.18000000;2417.29000000;2418.30000000;1963.25320000
2025-06-28 01:00:00;2418.30000000;2419.70000000;2412.61000000;2413.47000000;1943.29170000
2025-06-28 01:15:00;2413.47000000;2414.39000000;2409.53000000;2412.20000000;2991.53580000
2025-06-28 01:30:00;2412.20000000;2414.24000000;2405.81000000;2414.13000000;2232.98550000
2025-06-28 01:45:00;2414.13000000;2418.54000000;2413.40000000;2417.58000000;1532.96030000
2025-06-28 02:00:00;2417.59000000;2418.84000000;2415.01000000;2415.51000000;812.14670000
2025-06-28 02:15:00;2415.52000000;2421.51000000;2415.51000000;2421.39000000;1288.54980000
2025-06-28 02:30:00;2421.39000000;2422.60000000;2420.27000000;2421.06000000;973.69770000
2025-06-28 02:45:00;2421.06000000;2421.06000000;2418.85000000;2418.88000000;336.45000000
2025-06-28 03:00:00;2418.89000000;2420.55000000;2416.84000000;2417.52000000;614.28240000
2025-06-28 03:15:00;2417.52000000;2422.46000000;2417.52000000;2420.66000000;890.73070000
2025-06-28 03:30:00;2420.67000000;2422.00000000;2418.70000000;2421.16000000;825.79570000
2025-06-28 03:45:00;2421.16000000;2422.48000000;2419.63000000;2420.93000000;945.98420000
2025-06-28 04:00:00;2420.93000000;2422.41000000;2418.91000000;2419.27000000;1392.68260000
2025-06-28 04:15:00;2419.26000000;2421.25000000;2417.96000000;2421.24000000;830.06590000
2025-06-28 04:30:00;2421.24000000;2421.25000000;2419.57000000;2420.55000000;870.85300000
2025-06-28 04:45:00;2420.56000000;2421.51000000;2418.79000000;2421.19000000;996.92460000
2025-06-28 05:00:00;2421.18000000;2428.75000000;2421.18000000;2428.42000000;1868.31110000
2025-06-28 05:15:00;2428.42000000;2428.43000000;2423.30000000;2424.09000000;1417.49760000
2025-06-28 05:30:00;2424.09000000;2426.00000000;2417.86000000;2419.66000000;4312.80710000
2025-06-28 05:45:00;2419.66000000;2422.96000000;2418.65000000;2422.20000000;1575.46290000
2025-06-28 06:00:00;2422.20000000;2426.81000000;2422.04000000;2426.80000000;1130.15240000
2025-06-28 06:15:00;2426.80000000;2426.81000000;2424.10000000;2426.51000000;862.30270000
2025-06-28 06:30:00;2426.50000000;2426.50000000;2423.96000000;2424.97000000;578.55040000
2025-06-28 06:45:00;2424.98000000;2427.56000000;2423.86000000;2427.47000000;920.79610000
2025-06-28 07:00:00;2427.48000000;2429.87000000;2424.37000000;2425.47000000;2483.28380000
2025-06-28 07:15:00;2425.46000000;2427.85000000;2424.61000000;2427.16000000;1334.51730000
2025-06-28 07:30:00;2427.16000000;2428.96000000;2426.68000000;2427.78000000;948.21840000
2025-06-28 07:45:00;2427.77000000;2433.86000000;2427.77000000;2431.76000000;4340.59080000
2025-06-28 08:00:00;2431.77000000;2432.44000000;2420.00000000;2421.96000000;12023.78070000
2025-06-28 08:15:00;2421.95000000;2425.48000000;2419.87000000;2424.13000000;3253.50100000
2025-06-28 08:30:00;2424.13000000;2425.38000000;2422.66000000;2423.10000000;1363.53500000
2025-06-28 08:45:00;2423.09000000;2424.49000000;2421.39000000;2424.49000000;1264.62220000
2025-06-28 09:00:00;2424.49000000;2424.78000000;2420.26000000;2421.19000000;2178.22790000
2025-06-28 09:15:00;2421.18000000;2424.35000000;2419.65000000;2423.88000000;1526.37770000
2025-06-28 09:30:00;2423.88000000;2427.88000000;2423.87000000;2425.61000000;1414.43010000
2025-06-28 09:45:00;2425.61000000;2428.55000000;2425.60000000;2427.12000000;1571.55420000
2025-06-28 10:00:00;2427.12000000;2428.84000000;2427.12000000;2427.89000000;1256.22470000
2025-06-28 10:15:00;2427.90000000;2429.70000000;2425.69000000;2429.45000000;1627.13450000
2025-06-28 10:30:00;2429.45000000;2430.26000000;2424.42000000;2425.59000000;1549.11920000
2025-06-28 10:45:00;2425.59000000;2426.14000000;2423.80000000;2426.14000000;1093.80540000
2025-06-28 11:00:00;2426.14000000;2428.86000000;2426.14000000;2427.62000000;1725.21990000
2025-06-28 11:15:00;2427.61000000;2428.56000000;2426.82000000;2428.09000000;952.29650000
2025-06-28 11:30:00;2428.09000000;2428.35000000;2426.66000000;2427.69000000;1502.43940000
2025-06-28 11:45:00;2427.69000000;2428.79000000;2426.76000000;2427.42000000;1418.45690000
2025-06-28 12:00:00;2427.42000000;2428.19000000;2425.96000000;2426.24000000;1353.95840000
2025-06-28 12:15:00;2426.23000000;2426.24000000;2422.78000000;2424.35000000;1850.17720000
2025-06-28 12:30:00;2424.35000000;2428.11000000;2424.35000000;2426.42000000;1798.60750000
2025-06-28 12:45:00;2426.42000000;2427.47000000;2425.20000000;2426.09000000;919.97680000
2025-06-28 13:00:00;2426.09000000;2429.38000000;2426.08000000;2427.03000000;1063.73890000
2025-06-28 13:15:00;2427.04000000;2427.11000000;2422.78000000;2424.14000000;1612.06740000
2025-06-28 13:30:00;2424.15000000;2424.52000000;2420.00000000;2422.56000000;1626.87360000
2025-06-28 13:45:00;2422.55000000;2423.39000000;2421.58000000;2422.95000000;624.25680000
2025-06-28 14:00:00;2422.94000000;2426.38000000;2422.65000000;2426.38000000;926.72700000
2025-06-28 14:15:00;2426.37000000;2427.69000000;2425.71000000;2426.46000000;1319.12380000
2025-06-28 14:30:00;2426.47000000;2427.45000000;2424.90000000;2426.19000000;938.37830000
2025-06-28 14:45:00;2426.19000000;2426.19000000;2424.75000000;2425.57000000;619.60570000
2025-06-28 15:00:00;2425.58000000;2426.95000000;2424.81000000;2425.98000000;790.72800000
2025-06-28 15:15:00;2425.98000000;2427.61000000;2423.20000000;2424.91000000;1376.79590000
2025-06-28 15:30:00;2424.91000000;2427.43000000;2424.91000000;2427.08000000;601.37570000
2025-06-28 15:45:00;2427.09000000;2443.00000000;2427.08000000;2436.09000000;6538.45000000
2025-06-28 16:00:00;2436.10000000;2443.72000000;2435.99000000;2438.74000000;6956.65550000
2025-06-28 16:15:00;2438.74000000;2439.18000000;2431.74000000;2436.91000000;2967.09650000
2025-06-28 16:30:00;2436.91000000;2440.46000000;2432.01000000;2433.64000000;1882.15330000
2025-06-28 16:45:00;2433.63000000;2435.34000000;2431.64000000;2434.85000000;700.72620000
2025-06-28 17:00:00;2434.84000000;2439.28000000;2434.46000000;2438.23000000;1327.38970000
2025-06-28 17:15:00;2438.22000000;2438.55000000;2433.31000000;2436.16000000;943.43090000
2025-06-28 17:30:00;2436.15000000;2441.90000000;2434.96000000;2439.61000000;2164.74380000
2025-06-28 17:45:00;2439.61000000;2447.80000000;2438.65000000;2444.06000000;3277.53620000
2025-06-28 18:00:00;2444.06000000;2444.69000000;2438.70000000;2439.84000000;1707.96330000
2025-06-28 18:15:00;2439.85000000;2440.58000000;2436.60000000;2438.26000000;2528.57300000
2025-06-28 18:30:00;2438.26000000;2440.00000000;2433.71000000;2434.89000000;2869.96400000
2025-06-28 18:45:00;2434.88000000;2438.48000000;2432.84000000;2437.02000000;1466.49410000
2025-06-28 19:00:00;2437.01000000;2437.02000000;2434.19000000;2435.28000000;1207.31040000
2025-06-28 19:15:00;2435.29000000;2440.00000000;2435.28000000;2436.64000000;1157.08120000
2025-06-28 19:30:00;2436.65000000;2436.67000000;2432.31000000;2433.86000000;1525.34460000
2025-06-28 19:45:00;2433.85000000;2434.39000000;2432.86000000;2433.22000000;651.76660000
2025-06-28 20:00:00;2433.21000000;2435.08000000;2431.71000000;2432.47000000;724.01300000
2025-06-28 20:15:00;2432.46000000;2432.47000000;2427.44000000;2431.49000000;1631.82520000
2025-06-28 20:30:00;2431.49000000;2434.14000000;2430.94000000;2432.74000000;934.67190000
2025-06-28 20:45:00;2432.73000000;2433.00000000;2428.44000000;2429.62000000;1308.51240000
2025-06-28 21:00:00;2429.62000000;2431.99000000;2429.27000000;2430.00000000;427.34030000
2025-06-28 21:15:00;2430.00000000;2432.47000000;2429.27000000;2431.70000000;760.50520000
2025-06-28 21:30:00;2431.71000000;2434.54000000;2431.48000000;2433.11000000;740.90720000
2025-06-28 21:45:00;2433.11000000;2438.34000000;2430.70000000;2436.63000000;839.91100000
2025-06-28 22:00:00;2436.63000000;2437.76000000;2434.14000000;2434.48000000;1446.56960000
2025-06-28 22:15:00;2434.49000000;2440.46000000;2434.49000000;2438.16000000;970.84090000
2025-06-28 22:30:00;2438.20000000;2441.45000000;2436.18000000;2441.00000000;708.58750000
2025-06-28 22:45:00;2440.99000000;2441.45000000;2439.21000000;2440.22000000;882.10030000
2025-06-28 23:00:00;2440.22000000;2442.21000000;2439.71000000;2439.77000000;1054.04900000
2025-06-28 23:15:00;2439.78000000;2440.20000000;2437.27000000;2437.81000000;610.67300000
2025-06-28 23:30:00;2437.81000000;2438.00000000;2435.70000000;2436.48000000;638.26770000
2025-06-28 23:45:00;2436.48000000;2437.13000000;2435.15000000;2435.62000000;684.29150000
2025-06-29 00:00:00;2435.62000000;2436.59000000;2432.20000000;2433.59000000;1034.84040000
2025-06-29 00:15:00;2433.59000000;2440.32000000;2432.00000000;2437.64000000;1588.32970000
2025-06-29 00:30:00;2437.64000000;2441.22000000;2436.52000000;2437.26000000;1538.87310000
2025-06-29 00:45:00;2437.26000000;2442.77000000;2437.25000000;2438.57000000;2100.79470000
2025-06-29 01:00:00;2438.57000000;2438.59000000;2435.00000000;2435.01000000;1010.86460000
2025-06-29 01:15:00;2435.00000000;2437.56000000;2433.47000000;2433.96000000;1450.80480000
2025-06-29 01:30:00;2433.95000000;2435.26000000;2430.02000000;2430.96000000;1843.98590000
2025-06-29 01:45:00;2430.95000000;2432.29000000;2428.18000000;2429.59000000;1966.95000000
2025-06-29 02:00:00;2429.59000000;2430.40000000;2424.65000000;2427.01000000;1884.74970000
2025-06-29 02:15:00;2427.01000000;2430.00000000;2426.36000000;2428.65000000;1243.70640000
2025-06-29 02:30:00;2428.65000000;2433.48000000;2428.37000000;2431.72000000;822.57910000
2025-06-29 02:45:00;2431.72000000;2432.09000000;2430.03000000;2431.77000000;1977.74980000
2025-06-29 03:00:00;2431.78000000;2432.77000000;2430.28000000;2431.25000000;609.30760000
2025-06-29 03:15:00;2431.25000000;2432.92000000;2430.92000000;2431.62000000;451.97340000
2025-06-29 03:30:00;2431.63000000;2431.86000000;2426.99000000;2427.19000000;1089.67660000
2025-06-29 03:45:00;2427.19000000;2428.84000000;2426.65000000;2427.86000000;607.04450000
2025-06-29 04:00:00;2427.87000000;2430.91000000;2426.64000000;2430.91000000;752.69960000
2025-06-29 04:15:00;2430.91000000;2431.40000000;2428.38000000;2428.88000000;460.36200000
2025-06-29 04:30:00;2428.89000000;2430.80000000;2428.07000000;2428.87000000;455.61040000
2025-06-29 04:45:00;2428.87000000;2430.20000000;2428.87000000;2429.83000000;472.46010000
2025-06-29 05:00:00;2429.84000000;2430.85000000;2427.61000000;2430.53000000;498.95460000
2025-06-29 05:15:00;2430.52000000;2430.84000000;2428.15000000;2429.00000000;420.12980000
2025-06-29 05:30:00;2428.99000000;2431.25000000;2428.00000000;2431.08000000;569.66600000
2025-06-29 05:45:00;2431.07000000;2434.80000000;2431.07000000;2433.77000000;1797.59840000
2025-06-29 06:00:00;2433.77000000;2435.42000000;2433.71000000;2434.57000000;588.11880000
2025-06-29 06:15:00;2434.57000000;2435.32000000;2432.62000000;2433.30000000;800.89700000
2025-06-29 06:30:00;2433.30000000;2434.85000000;2432.67000000;2434.62000000;564.92990000
2025-06-29 06:45:00;2434.63000000;2437.75000000;2433.08000000;2436.82000000;594.48810000
2025-06-29 07:00:00;2436.82000000;2438.65000000;2436.12000000;2438.31000000;898.22630000
2025-06-29 07:15:00;2438.31000000;2440.46000000;2436.64000000;2438.77000000;2470.56340000
2025-06-29 07:30:00;2438.77000000;2439.30000000;2437.20000000;2437.83000000;1571.24010000
2025-06-29 07:45:00;2437.82000000;2440.50000000;2435.00000000;2440.50000000;1699.53660000
2025-06-29 08:00:00;2440.51000000;2443.85000000;2438.80000000;2440.25000000;2297.61140000
2025-06-29 08:15:00;2440.25000000;2441.27000000;2438.33000000;2439.72000000;1127.07440000
2025-06-29 08:30:00;2439.72000000;2447.29000000;2439.07000000;2446.43000000;2976.94730000
2025-06-29 08:45:00;2446.43000000;2447.59000000;2442.46000000;2443.74000000;1997.87760000
2025-06-29 09:00:00;2443.74000000;2445.44000000;2439.11000000;2443.66000000;2257.55970000
2025-06-29 09:15:00;2443.67000000;2450.00000000;2443.02000000;2448.73000000;2782.99590000
2025-06-29 09:30:00;2448.74000000;2457.96000000;2446.67000000;2453.81000000;9146.23760000
2025-06-29 09:45:00;2453.80000000;2456.42000000;2445.68000000;2448.29000000;6161.77520000
2025-06-29 10:00:00;2448.29000000;2459.20000000;2448.14000000;2455.79000000;4486.23610000
2025-06-29 10:15:00;2455.79000000;2458.17000000;2451.51000000;2454.71000000;2928.89520000
2025-06-29 10:30:00;2454.70000000;2455.34000000;2450.68000000;2451.41000000;3038.35660000
2025-06-29 10:45:00;2451.41000000;2458.31000000;2447.68000000;2456.45000000;2614.13430000
2025-06-29 11:00:00;2456.46000000;2457.50000000;2453.24000000;2453.71000000;2491.72440000
2025-06-29 11:15:00;2453.71000000;2456.40000000;2453.32000000;2454.88000000;1711.55760000
2025-06-29 11:30:00;2454.89000000;2459.18000000;2454.89000000;2457.66000000;2733.53050000
2025-06-29 11:45:00;2457.67000000;2463.88000000;2457.67000000;2462.25000000;6244.55080000
2025-06-29 12:00:00;2462.24000000;2463.48000000;2451.61000000;2453.64000000;3632.73940000
2025-06-29 12:15:00;2453.64000000;2457.16000000;2453.40000000;2453.99000000;3130.80920000
2025-06-29 12:30:00;2453.99000000;2456.28000000;2449.69000000;2449.69000000;2866.58550000
2025-06-29 12:45:00;2449.70000000;2454.84000000;2449.69000000;2454.84000000;1984.05280000
2025-06-29 13:00:00;2454.83000000;2456.59000000;2451.55000000;2453.44000000;1889.30650000
2025-06-29 13:15:00;2453.45000000;2454.71000000;2452.02000000;2452.73000000;1325.57420000
2025-06-29 13:30:00;2452.73000000;2452.93000000;2448.10000000;2450.02000000;2872.84670000
2025-06-29 13:45:00;2450.01000000;2451.22000000;2446.27000000;2446.91000000;2517.92980000
2025-06-29 14:00:00;2446.92000000;2451.70000000;2445.14000000;2451.21000000;1861.80200000
2025-06-29 14:15:00;2451.21000000;2451.51000000;2445.83000000;2446.30000000;1877.95250000
2025-06-29 14:30:00;2446.29000000;2446.42000000;2435.78000000;2438.80000000;4807.78440000
2025-06-29 14:45:00;2438.80000000;2443.56000000;2436.88000000;2440.18000000;2403.99080000
2025-06-29 15:00:00;2440.18000000;2443.08000000;2437.02000000;2441.79000000;1554.81340000
2025-06-29 15:15:00;2441.79000000;2441.79000000;2438.43000000;2440.47000000;1465.57350000
2025-06-29 15:30:00;2440.48000000;2444.40000000;2439.65000000;2442.88000000;1384.23310000
2025-06-29 15:45:00;2442.87000000;2442.87000000;2432.88000000;2436.68000000;2562.63720000
2025-06-29 16:00:00;2436.69000000;2439.20000000;2435.49000000;2437.64000000;1779.70060000
2025-06-29 16:15:00;2437.65000000;2440.18000000;2429.62000000;2432.92000000;4189.49490000
2025-06-29 16:30:00;2432.93000000;2436.42000000;2431.70000000;2433.30000000;2154.80070000
2025-06-29 16:45:00;2433.30000000;2440.06000000;2429.58000000;2439.06000000;1455.27450000
2025-06-29 17:00:00;2439.07000000;2440.44000000;2436.86000000;2438.44000000;1419.10110000
2025-06-29 17:15:00;2438.43000000;2438.81000000;2435.94000000;2436.50000000;590.19030000
2025-06-29 17:30:00;2436.50000000;2438.13000000;2432.63000000;2434.54000000;880.21120000
2025-06-29 17:45:00;2434.53000000;2439.59000000;2434.22000000;2439.14000000;855.09140000
2025-06-29 18:00:00;2439.14000000;2439.29000000;2434.16000000;2434.39000000;559.26080000
2025-06-29 18:15:00;2434.40000000;2442.45000000;2434.17000000;2441.41000000;1108.27090000
2025-06-29 18:30:00;2441.42000000;2442.55000000;2438.65000000;2440.75000000;1271.14420000
2025-06-29 18:45:00;2440.75000000;2442.09000000;2437.55000000;2437.84000000;1785.54130000
2025-06-29 19:00:00;2437.85000000;2438.16000000;2434.66000000;2435.55000000;905.84740000
2025-06-29 19:15:00;2435.55000000;2438.76000000;2433.58000000;2438.76000000;799.86910000
2025-06-29 19:30:00;2438.78000000;2439.59000000;2435.31000000;2436.37000000;710.54400000
2025-06-29 19:45:00;2436.38000000;2438.81000000;2435.86000000;2437.96000000;571.27860000
2025-06-29 20:00:00;2437.97000000;2439.00000000;2435.00000000;2435.01000000;746.54730000
2025-06-29 20:15:00;2435.01000000;2436.84000000;2433.20000000;2434.72000000;887.65080000
2025-06-29 20:30:00;2434.73000000;2435.62000000;2433.00000000;2433.00000000;564.61160000
2025-06-29 20:45:00;2433.01000000;2435.87000000;2432.30000000;2432.30000000;708.60060000
2025-06-29 21:00:00;2432.31000000;2434.14000000;2412.00000000;2423.45000000;10109.76600000
2025-06-29 21:15:00;2423.46000000;2436.13000000;2422.68000000;2432.20000000;2660.52300000
2025-06-29 21:30:00;2432.20000000;2438.67000000;2432.20000000;2435.65000000;2203.21630000
2025-06-29 21:45:00;2435.65000000;2437.70000000;2430.34000000;2431.15000000;2477.09560000
2025-06-29 22:00:00;2431.15000000;2448.90000000;2430.65000000;2445.61000000;5907.49080000
2025-06-29 22:15:00;2445.61000000;2480.17000000;2443.89000000;2478.91000000;13268.58720000
2025-06-29 22:30:00;2478.92000000;2495.00000000;2471.21000000;2492.84000000;14755.00660000
2025-06-29 22:45:00;2492.85000000;2510.47000000;2490.85000000;2501.72000000;25446.18950000
2025-06-29 23:00:00;2501.72000000;2525.00000000;2501.72000000;2506.95000000;22330.19100000
2025-06-29 23:15:00;2506.96000000;2508.74000000;2495.05000000;2505.82000000;11350.39060000
2025-06-29 23:30:00;2505.81000000;2510.14000000;2497.34000000;2499.99000000;5538.04220000
2025-06-29 23:45:00;2500.00000000;2505.42000000;2498.93000000;2500.09000000;15328.86860000
2025-06-30 00:00:00;2500.09000000;2508.44000000;2499.83000000;2505.85000000;10616.48460000
2025-06-30 00:15:00;2505.86000000;2519.60000000;2500.58000000;2515.61000000;10972.01970000
2025-06-30 00:30:00;2515.61000000;2524.30000000;2510.53000000;2518.37000000;7401.08900000
2025-06-30 00:45:00;2518.37000000;2522.36000000;2514.03000000;2518.68000000;6011.80840000
2025-06-30 01:00:00;2518.68000000;2519.86000000;2505.01000000;2508.72000000;5993.18970000
2025-06-30 01:15:00;2508.72000000;2511.71000000;2504.30000000;2509.55000000;5782.51690000
2025-06-30 01:30:00;2509.56000000;2519.51000000;2507.49000000;2516.93000000;4059.96920000
2025-06-30 01:45:00;2516.93000000;2519.00000000;2510.35000000;2510.60000000;3443.50520000
2025-06-30 02:00:00;2510.61000000;2511.10000000;2506.84000000;2511.00000000;4263.41420000
2025-06-30 02:15:00;2510.99000000;2511.30000000;2505.42000000;2506.29000000;2494.86110000
2025-06-30 02:30:00;2506.29000000;2507.30000000;2503.13000000;2504.85000000;2480.96500000
2025-06-30 02:45:00;2504.85000000;2508.63000000;2499.33000000;2501.22000000;4342.49190000
2025-06-30 03:00:00;2501.22000000;2505.00000000;2500.40000000;2501.43000000;3039.63710000
2025-06-30 03:15:00;2501.43000000;2501.71000000;2495.17000000;2495.92000000;3769.17500000
2025-06-30 03:30:00;2495.91000000;2501.49000000;2495.76000000;2501.14000000;2527.92210000
2025-06-30 03:45:00;2501.13000000;2503.42000000;2498.47000000;2499.21000000;2455.32540000
2025-06-30 04:00:00;2499.20000000;2505.31000000;2498.14000000;2503.75000000;3754.75810000
2025-06-30 04:15:00;2503.74000000;2504.74000000;2499.52000000;2501.36000000;2115.91360000
2025-06-30 04:30:00;2501.36000000;2502.62000000;2496.00000000;2496.32000000;1628.63350000
2025-06-30 04:45:00;2496.32000000;2499.70000000;2493.48000000;2495.77000000;2849.10370000
2025-06-30 05:00:00;2495.77000000;2501.21000000;2491.78000000;2500.73000000;3037.16220000
2025-06-30 05:15:00;2500.73000000;2500.78000000;2496.37000000;2497.13000000;1245.77750000
2025-06-30 05:30:00;2497.13000000;2502.60000000;2495.19000000;2501.45000000;2425.58680000
2025-06-30 05:45:00;2501.45000000;2503.43000000;2499.69000000;2503.06000000;1756.94550000
2025-06-30 06:00:00;2503.07000000;2503.91000000;2500.19000000;2500.80000000;1952.35700000
2025-06-30 06:15:00;2500.81000000;2500.81000000;2497.97000000;2498.02000000;1697.04200000
2025-06-30 06:30:00;2498.02000000;2499.85000000;2481.40000000;2483.66000000;6966.71010000
2025-06-30 06:45:00;2483.67000000;2484.79000000;2456.37000000;2464.17000000;16762.29650000
2025-06-30 07:00:00;2464.18000000;2472.04000000;2460.53000000;2469.77000000;7667.17010000
2025-06-30 07:15:00;2469.77000000;2478.25000000;2467.99000000;2476.17000000;6313.86060000
2025-06-30 07:30:00;2476.18000000;2477.05000000;2472.25000000;2474.85000000;2802.22860000
2025-06-30 07:45:00;2474.84000000;2483.73000000;2474.84000000;2480.59000000;3295.88370000
2025-06-30 08:00:00;2480.60000000;2486.64000000;2478.00000000;2478.00000000;2989.31980000
2025-06-30 08:15:00;2478.01000000;2479.00000000;2473.33000000;2476.03000000;2476.84830000
2025-06-30 08:30:00;2476.04000000;2476.79000000;2468.42000000;2468.44000000;2263.33830000
2025-06-30 08:45:00;2468.45000000;2472.40000000;2466.24000000;2468.60000000;3150.05080000
2025-06-30 09:00:00;2468.60000000;2477.00000000;2467.83000000;2474.78000000;2444.72840000
2025-06-30 09:15:00;2474.79000000;2476.60000000;2470.52000000;2472.19000000;1570.97250000
2025-06-30 09:30:00;2472.20000000;2473.88000000;2455.20000000;2459.26000000;4756.79660000
2025-06-30 09:45:00;2459.27000000;2463.79000000;2451.48000000;2451.76000000;6663.42280000
2025-06-30 10:00:00;2451.77000000;2454.72000000;2448.25000000;2449.43000000;7205.11100000
2025-06-30 10:15:00;2449.43000000;2454.05000000;2446.68000000;2452.70000000;3994.73270000
2025-06-30 10:30:00;2452.70000000;2457.97000000;2449.98000000;2456.77000000;3853.73210000
2025-06-30 10:45:00;2456.78000000;2457.72000000;2455.00000000;2456.20000000;2868.67250000
2025-06-30 11:00:00;2456.21000000;2460.15000000;2453.17000000;2459.82000000;4304.99340000
2025-06-30 11:15:00;2459.83000000;2468.04000000;2456.81000000;2463.85000000;7403.94670000
2025-06-30 11:30:00;2463.85000000;2466.59000000;2461.23000000;2462.99000000;2087.60230000
2025-06-30 11:45:00;2462.99000000;2465.20000000;2457.11000000;2458.52000000;1629.12690000
2025-06-30 12:00:00;2458.51000000;2464.93000000;2458.22000000;2462.27000000;1484.06150000
2025-06-30 12:15:00;2462.27000000;2465.16000000;2459.81000000;2463.20000000;1436.41970000
2025-06-30 12:30:00;2463.19000000;2465.40000000;2457.30000000;2462.89000000;2197.58600000
2025-06-30 12:45:00;2462.89000000;2462.89000000;2457.25000000;2460.03000000;2056.69250000
2025-06-30 13:00:00;2460.04000000;2464.69000000;2460.03000000;2463.93000000;1672.80010000
2025-06-30 13:15:00;2463.93000000;2474.48000000;2463.29000000;2473.24000000;4304.47730000
2025-06-30 13:30:00;2473.24000000;2474.66000000;2459.70000000;2463.46000000;5190.47250000
2025-06-30 13:45:00;2463.46000000;2467.46000000;2458.77000000;2462.41000000;3396.58460000
2025-06-30 14:00:00;2462.41000000;2467.35000000;2450.01000000;2465.54000000;7863.19600000
2025-06-30 14:15:00;2465.55000000;2469.42000000;2452.00000000;2458.54000000;8339.54420000
2025-06-30 14:30:00;2458.55000000;2463.75000000;2454.94000000;2459.40000000;2563.90160000
2025-06-30 14:45:00;2459.41000000;2461.19000000;2431.00000000;2438.61000000;13438.13290000
2025-06-30 15:00:00;2438.61000000;2447.96000000;2436.01000000;2445.79000000;7921.86120000
2025-06-30 15:15:00;2445.79000000;2466.21000000;2440.00000000;2462.84000000;9041.24770000
2025-06-30 15:30:00;2462.83000000;2466.66000000;2458.00000000;2463.44000000;7701.69860000
2025-06-30 15:45:00;2463.44000000;2488.00000000;2461.99000000;2474.78000000;16592.55370000
2025-06-30 16:00:00;2474.77000000;2481.92000000;2468.66000000;2477.39000000;5881.34720000
2025-06-30 16:15:00;2477.40000000;2478.50000000;2461.88000000;2463.73000000;10124.49940000
2025-06-30 16:30:00;2463.72000000;2474.00000000;2462.91000000;2472.64000000;3268.56800000
2025-06-30 16:45:00;2472.65000000;2477.55000000;2468.93000000;2475.43000000;4574.12590000
2025-06-30 17:00:00;2475.43000000;2486.34000000;2473.80000000;2483.88000000;5358.34880000
2025-06-30 17:15:00;2483.88000000;2484.82000000;2476.36000000;2481.01000000;3499.69330000
2025-06-30 17:30:00;2481.00000000;2490.05000000;2476.78000000;2485.31000000;4300.71490000
2025-06-30 17:45:00;2485.31000000;2498.98000000;2481.36000000;2487.63000000;8264.05180000
2025-06-30 18:00:00;2487.63000000;2495.86000000;2482.84000000;2483.77000000;3105.72680000
2025-06-30 18:15:00;2483.76000000;2499.00000000;2483.76000000;2491.92000000;5098.86580000
2025-06-30 18:30:00;2491.93000000;2492.41000000;2479.56000000;2483.05000000;4092.98220000
2025-06-30 18:45:00;2483.05000000;2489.25000000;2482.98000000;2485.82000000;1917.07840000
2025-06-30 19:00:00;2485.82000000;2496.67000000;2484.81000000;2495.99000000;3293.95980000
2025-06-30 19:15:00;2495.99000000;2518.00000000;2495.12000000;2509.70000000;11442.75030000
2025-06-30 19:30:00;2509.70000000;2515.56000000;2506.11000000;2511.25000000;3834.69100000
2025-06-30 19:45:00;2511.24000000;2518.49000000;2505.17000000;2515.71000000;7791.97250000
2025-06-30 20:00:00;2515.71000000;2516.49000000;2505.17000000;2511.10000000;5766.83400000
2025-06-30 20:15:00;2511.10000000;2522.17000000;2511.10000000;2513.33000000;6812.69340000
2025-06-30 20:30:00;2513.33000000;2515.74000000;2506.00000000;2507.07000000;2808.53260000
2025-06-30 20:45:00;2507.07000000;2510.23000000;2501.99000000;2502.96000000;4336.75780000
2025-06-30 21:00:00;2502.96000000;2504.48000000;2497.74000000;2501.69000000;5003.53090000
2025-06-30 21:15:00;2501.69000000;2501.69000000;2494.13000000;2495.11000000;4399.12100000
2025-06-30 21:30:00;2495.10000000;2499.78000000;2493.01000000;2495.45000000;3293.09160000
2025-06-30 21:45:00;2495.45000000;2495.46000000;2482.54000000;2487.72000000;3692.18580000
2025-06-30 22:00:00;2487.73000000;2494.19000000;2485.26000000;2486.31000000;4268.40980000
2025-06-30 22:15:00;2486.32000000;2490.84000000;2484.63000000;2490.67000000;1596.40190000
2025-06-30 22:30:00;2490.67000000;2496.00000000;2490.67000000;2494.99000000;4119.79180000
2025-06-30 22:45:00;2494.99000000;2494.99000000;2488.29000000;2490.44000000;1848.53050000
2025-06-30 23:00:00;2490.44000000;2494.71000000;2488.01000000;2493.45000000;997.83430000
2025-06-30 23:15:00;2493.45000000;2493.45000000;2488.98000000;2490.59000000;771.97340000
2025-06-30 23:30:00;2490.60000000;2491.14000000;2486.55000000;2490.18000000;1056.19370000
2025-06-30 23:45:00;2490.19000000;2490.19000000;2484.03000000;2485.47000000;3044.02620000
2025-07-01 00:00:00;2485.47000000;2494.99000000;2484.81000000;2493.12000000;4008.29750000
2025-07-01 00:15:00;2493.13000000;2496.65000000;2484.28000000;2484.47000000;2899.15210000
2025-07-01 00:30:00;2484.48000000;2489.27000000;2477.44000000;2488.79000000;4335.37930000
2025-07-01 00:45:00;2488.80000000;2494.65000000;2488.79000000;2493.35000000;2350.20800000
2025-07-01 01:00:00;2493.35000000;2498.70000000;2490.55000000;2498.23000000;2548.03230000
2025-07-01 01:15:00;2498.24000000;2498.76000000;2492.03000000;2493.16000000;2077.21740000
2025-07-01 01:30:00;2493.16000000;2500.80000000;2492.00000000;2492.62000000;1697.33920000
2025-07-01 01:45:00;2492.63000000;2495.35000000;2486.83000000;2488.78000000;1518.61020000
2025-07-01 02:00:00;2488.79000000;2493.19000000;2485.82000000;2491.00000000;1508.12920000
2025-07-01 02:15:00;2491.00000000;2494.70000000;2489.70000000;2494.63000000;967.66950000
2025-07-01 02:30:00;2494.64000000;2495.84000000;2486.94000000;2487.55000000;1677.64690000
2025-07-01 02:45:00;2487.55000000;2487.55000000;2482.39000000;2483.54000000;3595.58250000
2025-07-01 03:00:00;2483.55000000;2486.11000000;2478.91000000;2483.75000000;1547.73950000
2025-07-01 03:15:00;2483.75000000;2488.00000000;2483.56000000;2487.75000000;1186.64900000
2025-07-01 03:30:00;2487.75000000;2487.77000000;2482.80000000;2483.88000000;1598.39670000
2025-07-01 03:45:00;2483.87000000;2486.25000000;2481.96000000;2485.42000000;1548.17320000
2025-07-01 04:00:00;2485.43000000;2485.91000000;2481.59000000;2483.60000000;876.83960000
2025-07-01 04:15:00;2483.60000000;2483.61000000;2476.10000000;2477.25000000;2621.12030000
2025-07-01 04:30:00;2477.26000000;2479.81000000;2474.07000000;2474.79000000;1654.15800000
2025-07-01 04:45:00;2474.78000000;2475.45000000;2459.92000000;2460.90000000;8636.38330000
2025-07-01 05:00:00;2460.90000000;2466.43000000;2457.77000000;2459.17000000;3020.89480000
2025-07-01 05:15:00;2459.21000000;2462.54000000;2452.97000000;2455.01000000;2542.60060000
2025-07-01 05:30:00;2455.00000000;2460.00000000;2451.25000000;2455.56000000;2647.44620000
2025-07-01 05:45:00;2455.55000000;2461.95000000;2453.16000000;2461.54000000;7771.08460000
2025-07-01 06:00:00;2461.54000000;2461.54000000;2456.57000000;2458.55000000;3652.85340000
2025-07-01 06:15:00;2458.56000000;2461.71000000;2457.26000000;2457.93000000;2645.82620000
2025-07-01 06:30:00;2457.94000000;2462.54000000;2457.51000000;2461.60000000;1847.96790000
2025-07-01 06:45:00;2461.59000000;2462.85000000;2458.95000000;2459.67000000;1423.40760000
2025-07-01 07:00:00;2459.67000000;2463.69000000;2458.11000000;2458.11000000;2297.92280000
2025-07-01 07:15:00;2458.12000000;2462.94000000;2445.45000000;2461.96000000;7988.60870000
2025-07-01 07:30:00;2461.95000000;2468.81000000;2460.87000000;2462.26000000;5249.33570000
2025-07-01 07:45:00;2462.25000000;2467.56000000;2461.54000000;2465.03000000;2375.00460000
2025-07-01 08:00:00;2465.03000000;2465.04000000;2456.44000000;2456.95000000;1340.82280000
2025-07-01 08:15:00;2456.95000000;2461.80000000;2456.95000000;2459.62000000;2915.64770000
2025-07-01 08:30:00;2459.62000000;2460.63000000;2453.16000000;2454.38000000;1488.12250000
2025-07-01 08:45:00;2454.38000000;2456.31000000;2451.38000000;2453.22000000;2412.91950000
2025-07-01 09:00:00;2453.22000000;2458.47000000;2452.27000000;2455.70000000;2047.98740000
2025-07-01 09:15:00;2455.70000000;2458.67000000;2453.13000000;2456.23000000;1670.44560000
2025-07-01 09:30:00;2456.23000000;2456.23000000;2450.00000000;2453.51000000;3506.84840000
2025-07-01 09:45:00;2453.51000000;2458.44000000;2451.14000000;2456.86000000;2406.21770000
2025-07-01 10:00:00;2456.85000000;2461.65000000;2455.71000000;2458.27000000;2010.00950000
2025-07-01 10:15:00;2458.27000000;2460.30000000;2453.74000000;2453.75000000;2432.68670000
2025-07-01 10:30:00;2453.74000000;2464.26000000;2440.00000000;2452.62000000;16584.59060000
2025-07-01 10:45:00;2452.63000000;2456.72000000;2450.00000000;2455.94000000;2429.24550000
2025-07-01 11:00:00;2455.95000000;2458.86000000;2448.03000000;2448.37000000;7751.29950000
2025-07-01 11:15:00;2448.37000000;2453.16000000;2447.36000000;2451.01000000;1796.47400000
2025-07-01 11:30:00;2451.01000000;2454.95000000;2447.49000000;2447.92000000;5345.45440000
2025-07-01 11:45:00;2447.93000000;2450.50000000;2442.33000000;2449.06000000;3554.93800000
2025-07-01 12:00:00;2449.05000000;2453.16000000;2446.63000000;2448.12000000;2152.04210000
2025-07-01 12:15:00;2448.13000000;2448.69000000;2437.00000000;2441.41000000;5164.87490000
2025-07-01 12:30:00;2441.41000000;2445.53000000;2438.15000000;2439.48000000;3383.94460000
2025-07-01 12:45:00;2439.48000000;2440.66000000;2434.16000000;2437.35000000;4615.81410000
2025-07-01 13:00:00;2437.36000000;2443.04000000;2435.64000000;2437.17000000;3967.40070000
2025-07-01 13:15:00;2437.17000000;2442.67000000;2436.72000000;2442.62000000;2458.51060000
2025-07-01 13:30:00;2442.62000000;2447.20000000;2423.50000000;2433.31000000;9867.02910000
2025-07-01 13:45:00;2433.30000000;2445.33000000;2432.23000000;2443.47000000;3709.70620000
2025-07-01 14:00:00;2443.47000000;2454.26000000;2441.41000000;2451.30000000;6573.28220000
2025-07-01 14:15:00;2451.29000000;2456.55000000;2423.03000000;2427.35000000;10375.10660000
2025-07-01 14:30:00;2427.35000000;2433.01000000;2413.80000000;2417.15000000;12950.00890000
2025-07-01 14:45:00;2417.16000000;2420.97000000;2406.70000000;2419.94000000;14418.18700000
2025-07-01 15:00:00;2419.94000000;2428.71000000;2416.00000000;2419.21000000;6662.36020000
2025-07-01 15:15:00;2419.21000000;2425.87000000;2418.98000000;2425.05000000;3805.19140000
2025-07-01 15:30:00;2425.05000000;2431.80000000;2418.58000000;2421.51000000;3183.08670000
2025-07-01 15:45:00;2421.50000000;2425.49000000;2421.11000000;2423.54000000;2895.47650000
2025-07-01 16:00:00;2423.54000000;2431.14000000;2419.45000000;2429.65000000;3211.32600000
2025-07-01 16:15:00;2429.65000000;2430.89000000;2424.60000000;2429.02000000;1863.63940000
2025-07-01 16:30:00;2429.02000000;2431.23000000;2426.13000000;2426.86000000;1110.80440000
2025-07-01 16:45:00;2426.87000000;2428.92000000;2421.71000000;2424.58000000;1882.85000000
2025-07-01 17:00:00;2424.58000000;2429.54000000;2418.01000000;2425.34000000;3050.89350000
2025-07-01 17:15:00;2425.34000000;2431.67000000;2423.72000000;2426.74000000;1894.18800000
2025-07-01 17:30:00;2426.74000000;2431.20000000;2424.41000000;2429.16000000;1442.70520000
2025-07-01 17:45:00;2429.17000000;2434.00000000;2425.60000000;2432.26000000;1948.66010000
2025-07-01 18:00:00;2432.26000000;2433.30000000;2428.64000000;2429.10000000;1584.03070000
2025-07-01 18:15:00;2429.09000000;2429.33000000;2420.58000000;2421.59000000;2005.38110000
2025-07-01 18:30:00;2421.58000000;2424.57000000;2421.24000000;2422.60000000;948.39470000
2025-07-01 18:45:00;2422.59000000;2423.42000000;2400.00000000;2410.14000000;11256.44010000
2025-07-01 19:00:00;2410.14000000;2419.07000000;2404.58000000;2418.42000000;4449.91320000
2025-07-01 19:15:00;2418.41000000;2422.30000000;2415.83000000;2420.69000000;1806.43070000
2025-07-01 19:30:00;2420.69000000;2421.06000000;2408.01000000;2412.01000000;3528.82780000
2025-07-01 19:45:00;2412.01000000;2417.48000000;2402.34000000;2402.87000000;3036.66350000
2025-07-01 20:00:00;2402.87000000;2408.85000000;2393.95000000;2400.17000000;11851.18580000
2025-07-01 20:15:00;2400.17000000;2410.00000000;2400.17000000;2409.46000000;2904.99360000
2025-07-01 20:30:00;2409.47000000;2416.50000000;2409.22000000;2414.99000000;2703.37180000
2025-07-01 20:45:00;2414.99000000;2418.57000000;2413.02000000;2415.08000000;2318.88300000
2025-07-01 21:00:00;2415.08000000;2415.08000000;2404.22000000;2405.99000000;1882.73430000
2025-07-01 21:15:00;2406.00000000;2418.35000000;2405.54000000;2413.56000000;3122.40660000
2025-07-01 21:30:00;2413.56000000;2413.57000000;2406.17000000;2408.52000000;2142.55040000
2025-07-01 21:45:00;2408.52000000;2410.29000000;2404.62000000;2407.08000000;3499.91620000
2025-07-01 22:00:00;2407.07000000;2410.26000000;2399.14000000;2407.68000000;3915.97490000
2025-07-01 22:15:00;2407.69000000;2410.00000000;2405.10000000;2407.12000000;1152.73070000
2025-07-01 22:30:00;2407.11000000;2413.29000000;2405.31000000;2410.83000000;1547.89870000
2025-07-01 22:45:00;2410.84000000;2411.10000000;2399.53000000;2400.66000000;4240.16560000
2025-07-01 23:00:00;2400.66000000;2401.60000000;2386.52000000;2389.74000000;10034.20340000
2025-07-01 23:15:00;2389.74000000;2397.17000000;2389.74000000;2396.64000000;2969.65490000
2025-07-01 23:30:00;2396.65000000;2402.00000000;2396.43000000;2402.00000000;2965.14370000
2025-07-01 23:45:00;2401.99000000;2406.06000000;2401.99000000;2405.01000000;1486.71640000
2025-07-02 00:00:00;2405.01000000;2407.89000000;2403.02000000;2407.31000000;2530.39320000
2025-07-02 00:15:00;2407.30000000;2409.99000000;2404.70000000;2407.61000000;1443.44840000
2025-07-02 00:30:00;2407.62000000;2410.00000000;2404.11000000;2406.96000000;1403.43930000
2025-07-02 00:45:00;2406.99000000;2406.99000000;2397.89000000;2398.44000000;2477.93480000
2025-07-02 01:00:00;2398.44000000;2401.98000000;2398.44000000;2401.98000000;1503.10280000
2025-07-02 01:15:00;2401.99000000;2406.12000000;2373.00000000;2405.72000000;17641.12860000
2025-07-02 01:30:00;2405.72000000;2411.64000000;2402.32000000;2410.39000000;2212.41570000
2025-07-02 01:45:00;2410.39000000;2412.59000000;2407.79000000;2411.30000000;2203.94260000
2025-07-02 02:00:00;2411.31000000;2418.33000000;2408.11000000;2409.02000000;3576.95370000
2025-07-02 02:15:00;2409.01000000;2415.00000000;2407.12000000;2414.60000000;1246.29420000
2025-07-02 02:30:00;2414.60000000;2415.84000000;2411.55000000;2415.48000000;1397.69960000
2025-07-02 02:45:00;2415.47000000;2418.87000000;2414.65000000;2418.10000000;1446.74690000
2025-07-02 03:00:00;2418.10000000;2425.15000000;2416.57000000;2424.83000000;2619.50420000
2025-07-02 03:15:00;2424.82000000;2432.41000000;2422.60000000;2428.71000000;4789.59330000
2025-07-02 03:30:00;2428.70000000;2429.69000000;2425.72000000;2427.72000000;2917.89980000
2025-07-02 03:45:00;2427.73000000;2431.60000000;2426.57000000;2430.55000000;2004.94250000
2025-07-02 04:00:00;2430.55000000;2431.05000000;2425.47000000;2429.42000000;2126.62750000
2025-07-02 04:15:00;2429.42000000;2433.99000000;2426.14000000;2431.47000000;2006.55780000
2025-07-02 04:30:00;2431.48000000;2437.15000000;2429.10000000;2435.32000000;1931.41850000
2025-07-02 04:45:00;2435.32000000;2441.78000000;2433.97000000;2439.56000000;3443.52940000
2025-07-02 05:00:00;2439.55000000;2439.93000000;2433.97000000;2435.86000000;1816.02730000
2025-07-02 05:15:00;2435.87000000;2447.17000000;2435.87000000;2439.17000000;6585.17400000
2025-07-02 05:30:00;2439.17000000;2443.21000000;2437.86000000;2441.64000000;2880.92670000
2025-07-02 05:45:00;2441.64000000;2445.55000000;2440.65000000;2444.22000000;2749.83450000
2025-07-02 06:00:00;2444.22000000;2448.99000000;2443.75000000;2446.96000000;3161.51090000
2025-07-02 06:15:00;2446.96000000;2448.59000000;2438.38000000;2440.18000000;4339.32370000
2025-07-02 06:30:00;2440.18000000;2448.55000000;2440.18000000;2447.59000000;3074.58640000
2025-07-02 06:45:00;2447.59000000;2453.71000000;2446.90000000;2451.51000000;3477.81190000
2025-07-02 07:00:00;2451.52000000;2454.70000000;2441.98000000;2442.81000000;8161.61830000
2025-07-02 07:15:00;2442.80000000;2447.60000000;2442.70000000;2443.40000000;2673.52550000
2025-07-02 07:30:00;2443.40000000;2450.44000000;2442.90000000;2448.12000000;3153.26860000
2025-07-02 07:45:00;2448.11000000;2449.97000000;2447.01000000;2447.03000000;2335.60100000
2025-07-02 08:00:00;2447.03000000;2452.50000000;2447.03000000;2450.68000000;4545.61960000
2025-07-02 08:15:00;2450.69000000;2455.88000000;2449.80000000;2451.50000000;4269.80420000
2025-07-02 08:30:00;2451.51000000;2452.28000000;2446.17000000;2449.68000000;3695.30940000
2025-07-02 08:45:00;2449.68000000;2450.27000000;2444.56000000;2449.15000000;2646.65290000
2025-07-02 09:00:00;2449.16000000;2451.37000000;2445.86000000;2450.68000000;2930.41720000
2025-07-02 09:15:00;2450.69000000;2453.15000000;2448.28000000;2448.85000000;2445.22290000
2025-07-02 09:30:00;2448.85000000;2451.39000000;2446.20000000;2451.31000000;3155.19160000
2025-07-02 09:45:00;2451.32000000;2452.00000000;2446.78000000;2448.61000000;2362.89840000
2025-07-02 10:00:00;2448.61000000;2449.01000000;2443.83000000;2447.77000000;2349.04400000
2025-07-02 10:15:00;2447.77000000;2449.97000000;2447.11000000;2448.34000000;2279.17170000
2025-07-02 10:30:00;2448.34000000;2452.32000000;2448.15000000;2452.32000000;2018.99390000
2025-07-02 10:45:00;2452.32000000;2453.77000000;2450.26000000;2453.45000000;2988.60930000
2025-07-02 11:00:00;2453.44000000;2459.99000000;2451.73000000;2458.01000000;5434.66680000
2025-07-02 11:15:00;2458.01000000;2458.45000000;2454.12000000;2454.99000000;2510.00060000
2025-07-02 11:30:00;2454.99000000;2455.00000000;2446.68000000;2448.16000000;3448.10100000
2025-07-02 11:45:00;2448.16000000;2448.16000000;2441.70000000;2445.70000000;4253.57990000
2025-07-02 12:00:00;2445.69000000;2447.69000000;2442.39000000;2444.63000000;2937.71510000
2025-07-02 12:15:00;2444.63000000;2444.64000000;2438.72000000;2442.80000000;4039.12600000
2025-07-02 12:30:00;2442.80000000;2443.27000000;2431.56000000;2433.80000000;3826.41550000
2025-07-02 12:45:00;2433.81000000;2438.50000000;2433.32000000;2438.50000000;1951.13310000
2025-07-02 13:00:00;2438.50000000;2449.70000000;2436.70000000;2449.12000000;4757.86560000
2025-07-02 13:15:00;2449.13000000;2449.32000000;2444.09000000;2447.51000000;2128.07730000
2025-07-02 13:30:00;2447.52000000;2455.03000000;2442.83000000;2452.20000000;6691.64830000
2025-07-02 13:45:00;2452.21000000;2458.38000000;2446.16000000;2449.63000000;4438.38180000
2025-07-02 14:00:00;2449.63000000;2457.15000000;2448.68000000;2455.83000000;5050.93450000
2025-07-02 14:15:00;2455.84000000;2472.56000000;2450.01000000;2464.05000000;10760.78880000
2025-07-02 14:30:00;2464.05000000;2470.32000000;2459.90000000;2459.90000000;5699.54490000
2025-07-02 14:45:00;2459.89000000;2471.87000000;2459.74000000;2469.66000000;4350.09370000
2025-07-02 15:00:00;2469.65000000;2502.85000000;2469.00000000;2491.70000000;22906.84380000
2025-07-02 15:15:00;2491.69000000;2498.54000000;2487.20000000;2489.01000000;7934.15250000
2025-07-02 15:30:00;2489.00000000;2494.00000000;2486.30000000;2493.08000000;6100.50780000
2025-07-02 15:45:00;2493.07000000;2502.19000000;2492.81000000;2498.81000000;6962.74160000
2025-07-02 16:00:00;2498.82000000;2539.50000000;2495.03000000;2534.97000000;43578.33840000
2025-07-02 16:15:00;2534.97000000;2550.01000000;2531.74000000;2538.54000000;31305.64730000
2025-07-02 16:30:00;2538.54000000;2545.49000000;2534.88000000;2543.23000000;12673.36760000
2025-07-02 16:45:00;2543.24000000;2563.81000000;2543.24000000;2560.69000000;23986.58590000
2025-07-02 17:00:00;2560.70000000;2571.81000000;2559.09000000;2564.16000000;16565.54680000
2025-07-02 17:15:00;2564.16000000;2589.28000000;2564.15000000;2581.09000000;22935.47560000
2025-07-02 17:30:00;2581.09000000;2583.44000000;2555.15000000;2565.00000000;22193.89580000
2025-07-02 17:45:00;2565.01000000;2566.89000000;2552.28000000;2566.87000000;16073.25830000
2025-07-02 18:00:00;2566.87000000;2573.28000000;2563.76000000;2568.08000000;9089.16630000
2025-07-02 18:15:00;2568.08000000;2572.50000000;2567.07000000;2571.58000000;4854.87200000
2025-07-02 18:30:00;2571.59000000;2580.09000000;2568.01000000;2577.87000000;7559.43460000
2025-07-02 18:45:00;2577.88000000;2583.90000000;2577.21000000;2582.38000000;8818.70450000
2025-07-02 19:00:00;2582.38000000;2583.42000000;2567.38000000;2573.42000000;8989.39040000
2025-07-02 19:15:00;2573.43000000;2585.45000000;2571.18000000;2582.61000000;6330.04490000
2025-07-02 19:30:00;2582.62000000;2583.04000000;2579.00000000;2581.99000000;5145.21040000
2025-07-02 19:45:00;2582.00000000;2607.71000000;2580.10000000;2604.73000000;19393.75460000
2025-07-02 20:00:00;2604.73000000;2604.73000000;2591.87000000;2595.73000000;8992.93470000
2025-07-02 20:15:00;2595.73000000;2601.70000000;2586.17000000;2599.60000000;10108.88000000
2025-07-02 20:30:00;2599.60000000;2604.50000000;2596.92000000;2600.91000000;6312.02750000
2025-07-02 20:45:00;2600.91000000;2601.07000000;2589.99000000;2590.06000000;5582.54590000
2025-07-02 21:00:00;2590.06000000;2592.07000000;2586.50000000;2588.57000000;8371.04340000
2025-07-02 21:15:00;2588.58000000;2596.47000000;2583.33000000;2587.13000000;8119.41850000
2025-07-02 21:30:00;2587.13000000;2594.30000000;2586.71000000;2589.23000000;5696.26810000
2025-07-02 21:45:00;2589.23000000;2600.50000000;2588.89000000;2596.89000000;4349.92950000
2025-07-02 22:00:00;2596.90000000;2601.00000000;2592.49000000;2596.32000000;4377.82680000
2025-07-02 22:15:00;2596.33000000;2597.80000000;2592.49000000;2596.99000000;3059.08870000
2025-07-02 22:30:00;2596.98000000;2619.28000000;2595.78000000;2600.17000000;13116.95020000
2025-07-02 22:45:00;2600.17000000;2600.17000000;2593.16000000;2594.87000000;6611.48370000
2025-07-02 23:00:00;2594.86000000;2595.86000000;2586.55000000;2592.21000000;9789.38030000
2025-07-02 23:15:00;2592.22000000;2592.89000000;2581.90000000;2587.71000000;6228.31590000
2025-07-02 23:30:00;2587.71000000;2589.58000000;2574.30000000;2574.77000000;11396.47030000
2025-07-02 23:45:00;2574.78000000;2579.61000000;2569.14000000;2570.41000000;6159.74150000
2025-07-03 00:00:00;2570.41000000;2578.50000000;2568.16000000;2574.33000000;11258.67190000
2025-07-03 00:15:00;2574.33000000;2576.98000000;2562.25000000;2567.78000000;11096.59930000
2025-07-03 00:30:00;2567.78000000;2579.70000000;2564.54000000;2578.64000000;4836.73270000
2025-07-03 00:45:00;2578.64000000;2578.88000000;2571.22000000;2573.60000000;3232.27530000
2025-07-03 01:00:00;2573.60000000;2578.59000000;2565.74000000;2576.51000000;4105.41990000
2025-07-03 01:15:00;2576.51000000;2587.54000000;2574.01000000;2580.50000000;4232.64390000
2025-07-03 01:30:00;2580.50000000;2584.09000000;2577.62000000;2579.20000000;2437.68380000
2025-07-03 01:45:00;2579.19000000;2582.91000000;2577.63000000;2580.13000000;2107.39620000
2025-07-03 02:00:00;2580.13000000;2580.76000000;2572.20000000;2573.50000000;2309.66090000
2025-07-03 02:15:00;2573.49000000;2573.84000000;2562.98000000;2563.77000000;4283.11360000
2025-07-03 02:30:00;2563.73000000;2564.27000000;2556.72000000;2558.05000000;4893.55520000
2025-07-03 02:45:00;2558.06000000;2568.52000000;2556.12000000;2567.37000000;3131.57210000
2025-07-03 03:00:00;2567.37000000;2568.75000000;2564.24000000;2565.80000000;1475.73900000
2025-07-03 03:15:00;2565.80000000;2572.10000000;2561.07000000;2568.03000000;2632.75610000
2025-07-03 03:30:00;2568.03000000;2570.90000000;2563.82000000;2568.40000000;3104.77180000
2025-07-03 03:45:00;2568.40000000;2568.41000000;2560.00000000;2561.23000000;1601.32000000
2025-07-03 04:00:00;2561.22000000;2566.50000000;2559.34000000;2566.01000000;1596.75690000
2025-07-03 04:15:00;2566.02000000;2569.45000000;2564.87000000;2567.81000000;1445.63990000
2025-07-03 04:30:00;2567.81000000;2572.57000000;2565.52000000;2566.03000000;4258.93370000
2025-07-03 04:45:00;2566.03000000;2570.04000000;2565.05000000;2566.68000000;2056.06610000
2025-07-03 05:00:00;2566.68000000;2581.94000000;2565.92000000;2576.89000000;5405.25770000
2025-07-03 05:15:00;2576.89000000;2585.50000000;2576.31000000;2583.77000000;4665.82270000
2025-07-03 05:30:00;2583.77000000;2601.67000000;2581.64000000;2587.86000000;12581.10530000
2025-07-03 05:45:00;2587.85000000;2590.19000000;2585.02000000;2589.62000000;4344.04870000
2025-07-03 06:00:00;2589.63000000;2594.98000000;2585.49000000;2591.70000000;2752.67670000
2025-07-03 06:15:00;2591.69000000;2600.94000000;2590.87000000;2598.79000000;2912.01320000
2025-07-03 06:30:00;2598.80000000;2599.59000000;2592.73000000;2598.21000000;3463.74580000
2025-07-03 06:45:00;2598.21000000;2603.47000000;2597.67000000;2599.59000000;4819.74900000
2025-07-03 07:00:00;2599.59000000;2599.59000000;2591.50000000;2592.95000000;4099.81940000
2025-07-03 07:15:00;2592.96000000;2596.69000000;2589.67000000;2596.23000000;4581.54810000
2025-07-03 07:30:00;2596.23000000;2605.74000000;2594.00000000;2599.27000000;4096.77410000
2025-07-03 07:45:00;2599.26000000;2600.89000000;2597.50000000;2600.18000000;2716.69850000
2025-07-03 08:00:00;2600.19000000;2607.95000000;2597.01000000;2598.23000000;4316.66320000
2025-07-03 08:15:00;2598.22000000;2601.81000000;2597.38000000;2599.67000000;3136.61820000
2025-07-03 08:30:00;2599.68000000;2600.35000000;2593.12000000;2598.09000000;3483.50030000
2025-07-03 08:45:00;2598.09000000;2598.33000000;2587.64000000;2588.37000000;4709.09560000
2025-07-03 09:00:00;2588.37000000;2597.99000000;2586.73000000;2597.98000000;4549.12870000
2025-07-03 09:15:00;2597.99000000;2605.96000000;2595.84000000;2603.82000000;6795.78760000
2025-07-03 09:30:00;2603.82000000;2616.96000000;2599.21000000;2615.16000000;13786.49620000
2025-07-03 09:45:00;2615.16000000;2615.69000000;2593.32000000;2599.35000000;13867.01260000
2025-07-03 10:00:00;2599.36000000;2601.86000000;2593.75000000;2599.74000000;4884.43490000
2025-07-03 10:15:00;2599.74000000;2599.74000000;2584.01000000;2592.17000000;5536.37090000
2025-07-03 10:30:00;2592.17000000;2594.52000000;2590.00000000;2593.31000000;3118.10950000
2025-07-03 10:45:00;2593.31000000;2600.92000000;2588.47000000;2598.21000000;3156.31130000
2025-07-03 11:00:00;2598.21000000;2598.95000000;2591.40000000;2592.81000000;2591.09050000
2025-07-03 11:15:00;2592.80000000;2596.74000000;2590.90000000;2591.18000000;2442.74890000
2025-07-03 11:30:00;2591.18000000;2595.44000000;2581.58000000;2594.35000000;4573.23720000
2025-07-03 11:45:00;2594.34000000;2598.26000000;2591.26000000;2597.59000000;2224.29760000
2025-07-03 12:00:00;2597.58000000;2602.92000000;2594.42000000;2599.83000000;5251.77860000
2025-07-03 12:15:00;2599.83000000;2602.55000000;2598.42000000;2600.76000000;3527.63450000
2025-07-03 12:30:00;2600.77000000;2614.00000000;2565.46000000;2579.24000000;32602.27880000
2025-07-03 12:45:00;2579.24000000;2590.42000000;2570.05000000;2589.07000000;12607.60410000
2025-07-03 13:00:00;2589.06000000;2598.38000000;2586.56000000;2590.99000000;7551.86840000
2025-07-03 13:15:00;2590.99000000;2594.00000000;2586.80000000;2591.32000000;3050.87360000
2025-07-03 13:30:00;2591.33000000;2635.01000000;2591.33000000;2622.37000000;31752.55420000
2025-07-03 13:45:00;2622.38000000;2635.50000000;2612.15000000;2624.68000000;20426.91400000
2025-07-03 14:00:00;2624.69000000;2632.81000000;2613.53000000;2614.36000000;10112.54350000
2025-07-03 14:15:00;2614.36000000;2620.69000000;2601.93000000;2604.20000000;11363.87100000
2025-07-03 14:30:00;2604.19000000;2606.38000000;2584.33000000;2597.70000000;13679.08210000
2025-07-03 14:45:00;2597.71000000;2600.78000000;2591.00000000;2595.17000000;9598.17460000
2025-07-03 15:00:00;2595.17000000;2598.00000000;2578.22000000;2583.87000000;7787.42950000
2025-07-03 15:15:00;2583.87000000;2589.07000000;2580.19000000;2584.26000000;4570.11800000
